delta,theta,alpha,beta,gama,Color
1.55E-06,1.55E-06,1.61E-05,0.003833844,0.012571343,blue
1.82E-05,1.80E-05,0.000179965,0.035614076,0.074282536,blue
0.00010751,0.000105154,0.000999791,0.155362233,0.138809802,blue
0.000433829,0.000417556,0.00372653,0.420276886,-0.067713737,blue
0.001356694,0.001279933,0.010575442,0.768805091,-0.698267342,blue
0.003534538,0.003254492,0.024511196,0.92212168,-1.026596069,blue
0.008032725,0.00718577,0.048471018,0.462054841,0.219990077,blue
0.016430731,0.014211682,0.084138575,-0.870686046,2.748675716,blue
0.030921112,0.025730332,0.130519902,-2.839733855,3.495154135,blue
0.054387383,0.043310358,0.182623977,-4.622393058,-0.359983487,blue
0.090447277,0.068537057,0.230610388,-5.106044734,-6.42354687,blue
0.143454313,0.102798961,0.259823648,-3.445547799,-7.513962531,blue
0.218460722,0.147035465,0.252107699,0.424199031,0.230525131,blue
0.321150478,0.201475786,0.188575298,5.593582417,10.45604824,blue
0.457749304,0.265399079,0.053612254,10.39333253,11.47728217,blue
0.63491615,0.336942265,-0.16049189,12.93855636,-0.078286192,blue
0.859620956,0.412979494,-0.44915493,11.81578542,-13.09492512,blue
1.139013828,0.489092934,-0.79232847,6.676196647,-13.08988848,blue
1.480286986,0.559644659,-1.153478571,-1.498708012,0.755538714,blue
1.890523693,0.617945641,-1.481454263,-10.59890257,13.48337831,blue
2.376525243,0.656508576,-1.715532181,-18.00575232,11.23371138,blue
2.944611581,0.667370914,-1.793284402,-21.39717964,-2.582110452,blue
3.600404277,0.642483669,-1.66021033,-19.43672168,-11.64295253,blue
4.348614289,0.574170922,-1.279557304,-12.1438296,-6.455518163,blue
5.192855598,0.455657628,-0.640699454,-0.937051521,4.771161638,blue
6.135494538,0.281645081,0.235247435,11.57970344,7.449720976,blue
7.177538491,0.048901165,1.293490542,22.10131487,-0.440623743,blue
8.318567509,-0.243171748,2.447783147,27.42818693,-6.333681438,blue
9.556713578,-0.592029115,3.586807766,25.50001032,-0.743361967,blue
10.88868853,-0.991577912,4.584182835,16.30506058,8.840931649,blue
12.30985096,-1.431920492,5.311016645,2.186485967,7.208493329,blue
13.81429502,-1.899298099,5.649592975,-12.73769765,-7.184694975,blue
15.39494609,-2.376270357,5.506733901,-23.89859698,-17.27297941,blue
17.04365673,-2.842145037,4.825552167,-27.83448818,-7.75621709,blue
18.75130279,-3.273650164,3.594532978,-23.37579583,13.75790139,blue
20.50788354,-3.645822141,1.853104773,-12.02861637,22.99592721,blue
22.3026324,-3.933067158,-0.306904678,2.553331122,7.493159921,blue
24.12414657,-4.110341061,-2.744293778,15.79022397,-17.05982443,blue
25.96054007,-4.154388912,-5.276142303,23.64413064,-23.81717817,blue
27.79961728,-4.044988797,-7.689999169,23.83794281,-5.659638161,blue
29.62905528,-3.766151198,-9.760170654,16.46390338,16.926857,blue
31.43658171,-3.307226761,-11.26717474,3.870374369,19.98958149,blue
33.21013922,-2.663871729,-12.01884464,-10.06216352,2.797646444,blue
34.93803235,-1.838819512,-11.87110064,-21.03646666,-13.94539668,blue
36.60905724,-0.842407416,-10.74613797,-25.57243681,-13.55085333,blue
38.21262076,0.307189332,-8.645780853,-22.05608536,-0.55266761,blue
39.7388554,1.584052083,-5.658126198,-11.31811314,8.579741123,blue
41.17873097,2.954958127,-1.956282181,3.471555669,6.139284253,blue
42.52416097,4.380161904,2.211168864,17.66782255,-0.543247894,blue
43.76810087,5.814498892,6.537505595,26.61332403,-1.765169142,blue
44.90463344,7.208775824,10.68168174,27.253793,1.713723951,blue
45.92903362,8.511394373,14.29657286,19.29683539,1.725429096,blue
46.83780626,9.670145773,17.05913485,5.415635173,-4.334158446,blue
47.62869449,10.63410952,18.69974604,-9.649845676,-8.868353544,blue
48.30066126,11.35558898,19.02805347,-20.79593053,-4.008965928,blue
48.85384919,11.79201594,17.9528893,-24.42726771,7.109711394,blue
49.28951936,11.9077506,15.49421576,-19.78059351,12.74645787,blue
49.6099673,11.67570335,11.785691,-9.160636218,6.246616643,blue
49.81841679,11.07871169,7.067308513,3.044215533,-5.796744591,blue
49.91889371,10.11061525,1.668488878,12.17572869,-11.13143484,blue
49.91608203,8.776981642,-4.017103554,15.17595664,-5.824692916,blue
49.81516455,7.095447947,-9.562945088,11.71218246,2.416144379,blue
49.62165438,5.095659605,-14.54451357,4.105433843,4.770538902,blue
49.34122814,2.818807174,-18.57449159,-3.844288648,1.595923712,blue
48.97957533,0.316778073,-21.33511379,-8.576621229,-0.158313175,blue
48.54227688,-2.349048716,-22.60476159,-8.278107862,2.411606996,blue
48.03471848,-5.109333514,-22.27654241,-3.560118406,4.306940758,blue
47.46203523,-7.888600343,-20.36741069,2.938914488,0.383743113,blue
46.82908155,-10.60731499,-17.0171889,7.83930972,-6.345443026,blue
46.14042577,-13.18416203,-12.47758689,8.637121049,-7.691834921,blue
45.40037263,-15.53845324,-7.092068671,4.91490385,-1.120063184,blue
44.61301363,-17.59259711,-1.268207336,-1.458362802,6.075097398,blue
43.78229754,-19.27456183,4.555127903,-7.272216476,5.605449089,blue
42.91211016,-20.52026452,9.942973667,-9.594259842,-0.961568961,blue
42.00635399,-21.27581638,14.49893969,-7.226479291,-4.022226702,blue
41.0690205,-21.49955102,17.89652665,-1.257260532,1.094284707,blue
40.10425136,-21.16376284,19.90459814,5.536133391,7.009648009,blue
39.11638463,-20.25608742,20.40498241,10.07366565,3.444473929,blue
38.10998072,-18.78046571,19.40077577,10.4090947,-8.293323416,blue
37.08981963,-16.75764786,17.01463199,6.518283797,-14.67110206,blue
36.06086426,-14.2252018,13.47717875,0.145689554,-5.618741866,blue
35.02819136,-11.2369997,9.106595793,-6.096333732,11.96750527,blue
33.99689184,-7.862172108,4.281102026,-9.895532324,19.979034,blue
32.97193892,-4.183541431,-0.593363064,-10.15501605,8.807541581,blue
31.95802703,-0.295560769,-5.117526754,-7.282128936,-11.16088939,blue
30.95939106,3.698203054,-8.932261953,-2.787747931,-20.04081821,blue
29.97961515,7.687983845,-11.74829146,1.521482125,-9.79081904,blue
29.02143762,11.56104843,-13.36962945,4.319758575,7.699950482,blue
28.08655912,15.20515174,-13.70881586,5.171128646,14.7001676,blue
27.17545979,18.51210457,-12.79271667,4.467947176,6.89749329,blue
26.28722876,21.38133232,-10.75847962,3.031649881,-4.225759254,blue
25.41940898,23.7232975,-7.840053129,1.641287046,-6.668380515,blue
24.5678595,25.46265838,-4.346455829,0.72737155,-1.153692111,blue
23.72663853,26.54104272,-0.633645018,0.332747936,2.616259534,blue
22.88791095,26.91932692,2.927639513,0.276815522,-0.353494342,blue
22.04188036,26.57932183,5.985285969,0.35429671,-4.748595812,blue
21.17673957,25.52478097,8.237530137,0.427462198,-3.176998489,blue
20.27862757,23.78166471,9.460135024,0.391486371,3.729828808,blue
19.33157672,21.3976182,9.526575032,0.108101498,8.16526463,blue
18.31743573,18.44065424,8.419463486,-0.567645066,4.885545958,blue
17.21576546,14.99707709,6.232400129,-1.621372878,-2.781410876,blue
16.00372293,11.16873305,3.162412469,-2.678249366,-7.387444916,blue
14.65595688,7.069709038,-0.506092249,-3.004190607,-5.863188534,blue
13.14452899,2.822611644,-4.424557947,-1.890950727,-1.584046641,blue
11.4388601,-1.445441635,-8.209128714,0.705510603,1.499121665,blue
9.505692541,-5.606985974,-11.47322946,3.733338638,3.828566233,blue
7.309055777,-9.538393267,-13.86162454,5.283331799,7.227991485,blue
4.810221525,-13.12394258,-15.08337921,3.564006863,8.857041038,blue
1.967639714,-16.25964051,-14.94089477,-1.842319534,2.798865859,blue
-1.263140585,-18.85664989,-13.35210886,-9.19831627,-10.46323361,blue
-4.929550854,-20.84418837,-10.36325794,-14.94053102,-19.75054243,blue
-9.082066383,-22.17177586,-6.150358751,-15.20807056,-13.14179837,blue
-13.77424246,-22.8107418,-1.008709888,-7.951056102,7.336149232,blue
-19.06272481,-22.75494508,4.668965164,5.476307377,24.55829974,blue
-25.00724306,-22.0206975,10.42391478,20.25802684,22.49604057,blue
-31.67059481,-20.64591083,15.76957305,29.92031458,2.557584895,blue
-39.11861959,-18.68850709,20.23330711,29.31929571,-18.11269154,blue
-47.42015822,-16.22415466,23.3980696,17.35097458,-23.90557503,blue
-56.64700741,-13.34343044,24.94010544,-2.129184046,-14.03631953,blue
-66.87389274,-10.14854133,24.65906049,-21.80026204,1.249452282,blue
-78.17847694,-6.749743184,22.49767422,-34.06394248,13.39035223,blue
-90.64140541,-3.261586957,18.54940726,-34.32156791,19.98921294,blue
-104.3463859,0.200882851,13.05349312,-22.80608582,18.73510436,blue
-119.3803037,3.525850607,6.377905669,-4.263270454,5.303691111,blue
-135.8333767,6.608248439,-1.008332768,14.20068739,-17.33374767,blue
-153.7993549,9.352961302,-8.571191329,26.0604644,-32.46790258,blue
-173.375758,11.67762843,-15.75299893,27.84062329,-22.42137355,blue
-194.6641443,13.51497229,-22.01571565,20.15383948,9.209224122,blue
-217.7704041,14.81460075,-26.88265556,7.003381151,34.7622979,blue
-242.8050807,15.54423678,-29.97551907,-6.214985417,29.04350362,blue
-269.8837239,15.69034737,-31.04399164,-15.01916147,-2.3180096,blue
-299.1272669,15.25817675,-29.98557528,-17.38403735,-27.28570932,blue
-330.6624062,14.27121694,-26.853983,-13.96417396,-22.39951576,blue
-364.6219751,12.7701565,-21.85545819,-7.205397503,1.818559891,blue
-401.14531,10.8113473,-15.3334992,-0.026374459,15.58239173,blue
-440.378616,8.464837693,-7.743368743,5.287412497,6.501764296,blue
-482.4753369,5.812031372,0.381545167,7.650642792,-7.577528401,blue
-527.5965296,2.943042951,8.468951466,7.199978873,-4.748605332,blue
-575.9112414,-0.046163422,15.94964457,4.959886065,11.00136361,blue
-627.596873,-3.056752785,22.29934282,2.354202312,15.45250013,blue
-682.8395171,-5.990015651,27.07739698,0.673453011,-2.48141141,blue
-741.8342665,-8.750292971,29.95942988,0.576071134,-23.78641131,blue
-804.7854935,-11.24775093,30.76129328,1.781281692,-21.4384633,blue
-871.907096,-13.40093097,29.45238173,3.156518748,5.751450368,blue
-943.4227095,-15.1390069,26.15717163,3.255489888,29.54059091,blue
-1019.565878,-16.40369161,21.14477085,1.100020004,23.78194741,blue
-1100.580182,-17.15074833,14.80722172,-3.185921651,-5.996962071,blue
-1186.719327,-17.35107935,7.628180093,-8.262540994,-28.93088004,blue
-1278.247205,-16.9913851,0.14436485,-12.09911202,-22.6448264,blue
-1375.437933,-16.07440113,-7.097155426,-12.89285243,4.195742853,blue
-1478.575903,-14.61872866,-13.58227682,-9.905872709,23.80908173,blue
-1587.955825,-12.6582806,-18.87004095,-3.802962108,19.21053686,blue
-1703.88281,-10.24136929,-22.62613159,3.646751007,-1.167935693,blue
-1826.67246,-7.429456668,-24.64660707,10.33302863,-16.21824825,blue
-1956.650976,-4.295583826,-24.86965604,14.63340653,-14.4438198,blue
-2094.15528,-0.922508351,-23.37447866,15.8704089,-2.122640724,blue
-2239.533142,2.599407003,-20.367831,14.21701454,7.429833282,blue
-2393.143337,6.17450427,-16.16001105,10.25753798,8.363921805,blue
-2555.355818,9.704288523,-11.13300841,4.608354772,4.792143448,blue
-2726.551907,13.08998241,-5.704194516,-2.13512013,1.862010932,blue
-2907.124511,16.23511576,-0.289295173,-9.189265922,-0.986636971,blue
-3097.478363,19.048081,4.731684202,-15.3922707,-6.087922988,blue
-3298.030302,21.44458824,9.042496086,-19.27500428,-10.20362698,blue
-3509.209575,23.34996408,12.41051053,-19.44417966,-6.349563644,blue
-3731.458153,24.70124862,14.69733111,-15.14078853,5.765182094,blue
-3965.231049,25.44905079,15.860115,-6.73633819,15.3265763,blue
-4210.996613,25.55912,15.94437775,4.068454662,10.95194908,blue
-4469.236797,25.01358386,15.06968137,14.49477306,-4.885938733,blue
-4740.447416,23.81179566,13.41008149,21.41029737,-16.2377576,blue
-5025.138387,21.97074202,11.17162527,22.38824428,-10.76061712,blue
-5323.833966,19.52497645,8.569443856,16.75699126,5.699630448,blue
-5637.072968,16.52606301,5.80694947,6.156639192,14.87294469,blue
-5965.408971,13.04153265,3.059301551,-5.791632924,6.588108938,blue
-6309.410485,9.153370231,0.462658054,-14.74679486,-9.445544068,blue
-6669.661101,4.956062211,-1.890116968,-17.40614752,-14.53105778,blue
-7046.759588,0.554245738,-3.947520286,-12.98737329,-2.26125238,blue
-7441.31997,-3.939991264,-5.692311164,-3.691466798,14.1175123,blue
-7853.971575,-8.410098751,-7.13091185,6.172954814,16.46901704,blue
-8285.359056,-12.73826424,-8.281235174,12.09669919,1.715290804,blue
-8736.14238,-16.80872367,-9.160811984,11.46461886,-15.25045826,blue
-9206.996765,-20.51107035,-9.776902257,4.80985075,-18.05690317,blue
-9698.612556,-23.7434517,-10.12004345,-4.463770664,-5.529100282,blue
-10211.69503,-26.41555444,-10.16210688,-11.80359919,9.390466493,blue
-10746.96416,-28.45128939,-9.8593423,-13.79153276,14.79866789,blue
-11305.15426,-29.79109536,-9.160134048,-9.780914483,10.26037299,blue
-11887.01365,-30.39378927,-8.01642424,-2.043648616,2.456401002,blue
-12493.30419,-30.23790777,-6.397198031,5.565054667,-4.661654605,blue
-13124.80082,-29.32250832,-4.30209277,9.628628973,-11.20639916,blue
-13782.29102,-27.66741465,-1.773009438,8.810792739,-14.77778093,blue
-14466.57433,-25.31289887,1.098403465,4.354561789,-9.11705736,blue
-15178.46173,-22.31879566,4.169234564,-0.704736332,6.771257969,blue
-15918.7751,-18.76305664,7.250885407,-3.171374496,21.42797394,blue
-16688.34658,-14.73977426,10.12182706,-1.375214499,19.48686695,blue
-17488.01794,-10.3567218,12.54657009,3.906953506,-0.348915024,blue
-18318.63987,-5.732467978,14.29897282,9.76995067,-20.21380115,blue
-19181.07131,-0.993133291,15.18732409,12.60981592,-20.69438683,blue
-20076.17858,3.731134137,15.07820724,9.960710428,-2.498064405,blue
-21004.83464,8.309873783,13.91607345,1.817696336,14.14781107,blue
-21967.91804,12.61612392,11.73581359,-9.205506878,12.80529012,blue
-22966.31195,16.53022971,8.666338351,-18.95519992,-0.999719426,blue
-24000.90293,19.94354202,4.924117305,-23.54605451,-8.529556455,blue
-25072.57958,22.76188809,0.796666182,-21.07571773,-1.694422387,blue
-26182.23109,24.90868043,-3.382941466,-12.47406552,8.131178101,blue
-27330.74555,26.3275279,-7.268302991,-1.082056343,6.3768036,blue
-28519.0082,26.98422952,-10.53528992,8.888498964,-5.463522188,blue
-29747.89947,26.86806274,-12.91682094,14.31536027,-12.38874919,blue
-31018.29288,25.99231193,-14.23235874,14.57127342,-5.84914417,blue
-32331.05277,24.39401023,-14.40818567,11.60996105,5.626925268,blue
-33687.03171,22.13289068,-13.4856464,8.6470796,8.529628639,blue
-35087.06785,19.28956357,-11.61610537,8.141993577,2.121723637,blue
-36531.98188,15.96296192,-9.043050787,10.23140192,-2.009606884,blue
-38022.57382,12.26713324,-6.073288185,12.57228348,2.737174836,blue
-39559.61945,8.327493614,-3.040441534,11.74873518,7.840903083,blue
-41143.86652,4.276682952,-0.265032996,5.435392808,1.054958584,blue
-42776.03039,0.250158801,1.983844933,-5.988256408,-15.06552609,blue
-44456.78951,-3.618349811,3.520100525,-19.34485598,-22.27561375,blue
-46186.78042,-7.201411386,4.261095766,-30.08132923,-6.887624263,blue
-47966.59236,-10.38235429,4.234279218,-34.30097731,21.56644063,blue
-49796.76154,-13.05948123,3.569326459,-30.29753658,35.95025984,blue
-51677.76499,-15.14988519,2.477189997,-18.94525959,18.30686841,blue
-53610.01389,-16.59270585,1.219315668,-3.006831829,-19.2492981,blue
-1.83E-06,-1.83E-06,-1.90E-05,-0.004525665,-0.014839856,red
-2.26E-05,-2.24E-05,-0.000224691,-0.044955342,-0.097244222,red
-0.000141963,-0.000139051,-0.001330033,-0.213568248,-0.230480684,red
-0.00060841,-0.00058727,-0.00530336,-0.642742823,-0.084781605,red
-0.002017332,-0.001912456,-0.016116358,-1.351102132,0.765546362,red
-0.005550782,-0.005148815,-0.039954555,-2.009155767,1.793928774,red
-0.013254241,-0.011980131,-0.084307661,-1.860902293,1.082042057,red
-0.02832088,-0.024833519,-0.155686788,-0.041274483,-2.527880784,red
-0.055355603,-0.046864688,-0.256219898,3.743936156,-6.282005916,red
-0.100595411,-0.081807126,-0.379874542,8.568899684,-4.563362502,red
-0.172066117,-0.133673175,-0.509376854,12.20992003,4.402514462,red
-0.279659976,-0.206312998,-0.614976573,11.93092832,13.4218801,red
-0.435130441,-0.302862116,-0.65607336,5.886621495,11.40907496,red
-0.652012428,-0.425131264,-0.586289485,-5.552218108,-3.857755641,red
-0.945482547,-0.573004708,-0.361841477,-19.31053952,-19.68713554,red
-1.332175734,-0.743916256,0.047789552,-30.36998962,-19.27503388,red
-1.829974976,-0.932468205,0.64864672,-33.60553933,-0.16092466,red
-2.457788949,-1.130247268,1.412799599,-25.97517235,20.69294795,red
-3.235323905,-1.325869871,2.272963247,-8.090799318,23.26370397,red
-4.182845634,-1.505263262,3.123306264,15.58284134,5.355818726,red
-5.320924271,-1.652170503,3.827621239,38.04824701,-15.40868638,red
-6.670156958,-1.748855471,4.234746838,52.10866064,-20.43641805,red
-8.250867551,-1.776975674,4.19973486,52.82032417,-8.256186159,red
-10.08278865,-1.718586121,3.608001274,39.16711787,7.067991665,red
-12.18473548,-1.557232629,2.398863156,14.40859839,12.48097365,red
-14.57427555,-1.279080138,0.584675909,-14.9239577,7.557696058,red
-17.2673797,-0.873998456,-1.737706022,-40.95355174,0.496021298,red
-20.27802666,-0.336515112,-4.385531323,-56.70129306,-3.204873137,red
-23.61774721,0.333434464,-7.100262391,-58.10640393,-4.944570362,red
-27.29512276,1.12998912,-9.569518809,-45.31974399,-6.836180204,red
-31.31527119,2.041077034,-11.4596322,-22.75890741,-5.635678577,red
-35.67935217,3.048355484,-12.45576747,2.355272948,2.96949596,red
-40.38411474,4.127369766,-12.30491483,22.64724762,14.40901103,red
-45.42150349,5.247926368,-10.85604356,33.37987427,15.19399579,red
-50.77834026,6.374669902,-8.091572269,34.08332485,-1.893530732,red
-56.43609631,7.467850345,-4.145004453,28.19971925,-23.96292393,red
-62.37076444,8.484268233,0.69896928,20.9275964,-26.54522167,red
-68.55283858,9.378382739,6.023470122,16.3725914,-0.736948144,red
-74.94740825,10.10356246,11.3165951,15.46284146,31.63209989,red
-81.51437177,10.61345665,16.02333945,15.693095,37.11440302,red
-88.20876482,10.86346629,19.60677191,12.80947976,6.772974908,red
-94.98119283,10.81229554,21.61147644,3.522772943,-31.57339779,red
-101.7783507,10.42356092,21.72157916,-12.21516967,-41.15868196,red
-108.5436129,9.667427301,19.80590198,-30.6098671,-14.22918106,red
-115.2176786,8.522226542,15.94394439,-45.45478912,21.66333703,red
-121.7392643,6.976001482,10.42843547,-50.88569251,34.19651855,red
-128.0458313,5.027911213,3.742952746,-44.06458032,17.94793664,red
-134.0743366,2.689431689,-3.483809046,-26.47170643,-6.112660982,red
-139.7619941,-0.014714425,-10.54256143,-3.244558984,-17.20203104,red
-145.0470335,-3.045964838,-16.71972626,19.00065179,-13.91398881,red
-149.8694494,-6.351725992,-21.37687441,34.74331116,-7.320502236,red
-154.1717326,-9.865635652,-24.02397724,41.36129602,-2.983227742,red
-157.8995668,-13.50831331,-24.37757019,39.50191561,3.180654549,red
-161.0024795,-17.18861663,-22.3965537,32.06857143,12.84101363,red
-163.4344434,-20.80541546,-18.29102321,22.45934671,17.42970949,red
-165.1544364,-24.24988263,-12.50271269,12.98266807,7.977952933,red
-166.1269606,-27.40826974,-5.658819288,4.240634913,-10.22716573,red
-166.3225087,-30.16509983,1.496028587,-4.318028054,-20.12881667,red
-165.7179655,-32.40668361,8.18227652,-13.19054958,-12.19433098,red
-164.2969309,-34.02484647,13.67318927,-21.82118307,3.961654294,red
-162.0499531,-34.92074006,17.37778623,-28.46749395,11.45014685,red
-158.9746663,-35.00860466,18.90927371,-31.00086046,6.34823918,red
-155.0758222,-34.21934293,18.13082773,-28.11754282,0.130870487,red
-150.3652129,-32.50376694,15.17311119,-20.20833207,2.122730243,red
-144.861479,-29.83538838,10.42111411,-9.369859161,6.431705916,red
-138.5898103,-26.21264103,4.471391135,1.43967661,1.206357394,red
-131.5815565,-21.66045146,-1.935844619,9.626206195,-12.58094038,red
-123.8737739,-16.23109845,-8.002302852,13.94923681,-19.00431354,red
-115.5087317,-10.00431535,-12.96508014,14.85544111,-6.356646533,red
-106.5333863,-3.086597569,-16.18698075,14.07396744,15.98268465,red
-96.99883393,4.390306103,-17.23287227,13.67082257,25.2423792,red
-86.95974441,12.27171572,-15.92287479,14.95092599,10.36496474,red
-76.47378186,20.3831322,-12.35588726,17.69562797,-14.33832827,red
-65.60100733,28.53409495,-6.900457849,20.11935988,-23.80753652,red
-54.40326042,36.52271381,-0.15395774,19.60991869,-9.450334806,red
-42.94351974,44.14077334,7.125116107,13.95431072,11.94955903,red
-31.28524156,51.17928248,14.10368382,2.537767124,17.73527225,red
-19.49166808,57.43432833,19.96932566,-12.99211058,4.391175003,red
-7.625091759,62.71307829,24.02314243,-28.93569039,-10.71481881,red
4.253931824,66.83975315,25.7594104,-40.66467146,-11.16586986,red
16.08741625,69.66136991,24.92269941,-44.30322016,0.494111691,red
27.82080013,71.05303528,21.53576776,-38.28549212,8.994023343,red
39.40379873,70.92257238,15.89514555,-24.05026127,6.177322478,red
50.79122651,69.21428395,8.535376881,-5.481084528,-1.311009417,red
61.94376537,65.91168241,0.166718737,12.65620511,-3.891871345,red
72.8286488,61.0390476,-8.405807801,26.49551308,-1.954534724,red
83.42022928,54.66171331,-16.3720412,34.22121355,-2.273108588,red
93.70039753,46.88503231,-23.00417327,36.13741975,-5.24046172,red
103.6588236,37.8520227,-27.73184216,33.79827048,-3.190650391,red
113.2929867,27.73974698,-30.19641211,28.7854628,6.856771835,red
122.6079502,16.75451648,-30.27893192,21.81951452,14.99707791,red
131.6158473,5.126069245,-28.09954987,12.69840272,9.141679961,red
140.3350883,-6.899039385,-23.98919964,1.151680392,-7.773684901,red
148.7893628,-19.06450427,-18.43730629,-11.93124948,-18.6081466,red
157.0065291,-31.11143514,-12.02234889,-23.93683534,-12.56064838,red
165.0174812,-42.78527525,-5.334723381,-31.37513581,1.753509701,red
172.8550702,-53.84217213,1.097306765,-31.84964681,9.202643531,red
180.5531396,-64.05456503,6.867929904,-25.91067696,8.282377687,red
188.1457078,-73.21583789,11.73148159,-17.40435985,9.088113316,red
195.6663097,-81.14396397,15.61197583,-11.7064139,13.16119008,red
203.1475079,-87.68413152,18.58340732,-12.54049097,7.44462824,red
210.6205769,-92.71039555,20.82450869,-19.16175373,-15.31926097,red
218.1153599,-96.12644988,22.55586867,-25.77643284,-37.81333304,red
225.6602918,-97.86564865,23.97039312,-23.96784548,-31.63180819,red
233.2825842,-97.89042833,25.16949019,-7.204327921,8.049352552,red
241.0085637,-96.19128977,26.11681663,24.81335974,49.24634924,red
248.8641576,-92.78549576,26.61898137,64.37041854,52.15383269,red
256.8755137,-87.7156302,26.33852526,97.77025553,10.7480175,red
265.0697382,-81.04814599,24.83944505,110.5688535,-39.2909116,red
273.4757356,-72.87199426,21.66033444,93.79803043,-55.34170207,red
282.1251414,-63.29738841,16.40551794,48.36395668,-27.90525509,red
291.053329,-52.45472432,8.840976577,-14.47924154,14.63726544,red
300.3004666,-40.49364836,-1.019936616,-76.92539026,37.26513327,red
309.9125967,-27.58223244,-12.85560245,-121.0719309,29.85567569,red
319.9427138,-13.90618087,-26.01206946,-135.2551849,8.533982041,red
330.4518259,0.332040279,-39.52333398,-117.6551093,-7.500571168,red
341.5099936,14.91428401,-52.17777879,-75.93502803,-13.97727277,red
353.1973403,29.60814889,-62.62648908,-23.5148519,-17.03939785,red
365.6050204,44.16887445,-69.5233664,25.59635241,-18.05137523,red
378.8361333,58.34180747,-71.68215234,61.20378819,-10.13644522,red
393.0065592,71.86550667,-68.23234615,79.05947485,9.272255157,red
408.2456965,84.47551991,-58.75487458,80.45245699,28.23051482,red
424.6970915,95.90884125,-43.37943393,70.09162198,28.79540238,red
442.5189643,105.9090252,-22.82882292,53.55818535,6.458520255,red
461.8846432,114.2318954,1.598934534,35.36758696,-22.26733785,red
482.9829171,120.6517377,28.11294168,18.10080781,-33.98327188,red
506.0183168,124.9678178,54.57098681,2.521727052,-19.80649504,red
531.2113288,127.0110191,78.66788683,-11.69147644,7.579448999,red
558.7985445,126.6503569,98.15230157,-25.02605359,26.53754083,red
589.0327458,123.7991031,111.0498222,-37.36577881,24.76196482,red
622.1829333,118.4202471,115.8687894,-47.58847344,6.830469656,red
658.5343106,110.5310273,111.7665526,-53.65975061,-12.60637732,red
698.3882333,100.2062759,98.65754164,-53.26049708,-21.08116778,red
742.0621263,87.58034153,77.25026058,-44.79346177,-15.51940489,red
789.8893712,72.84739083,49.00759141,-28.37892325,-1.391505737,red
842.2191561,56.25993279,16.03278367,-6.351100418,12.23535499,red
899.4162881,38.12547757,-19.10862352,17.09014937,17.51502557,red
961.8609723,18.80131524,-53.6138201,37.06120393,11.44588704,red
1029.948569,-1.312518558,-84.69256265,49.55818834,-2.20269589,red
1104.089345,-21.78195221,-109.8172077,52.69728024,-14.42631811,red
1184.708215,-42.1490571,-126.9484439,47.08107787,-16.4943638,red
1272.244507,-61.94342367,-134.7148688,35.20762449,-6.401247412,red
1367.151737,-80.69440451,-132.529442,20.30490195,8.724443672,red
1469.89743,-97.94385708,-120.6325053,5.170445889,17.15951133,red
1580.962955,-113.2590013,-100.0586999,-8.502641589,11.82758694,red
1700.843381,-126.2449962,-72.53269365,-20.09345238,-2.924175341,red
1830.047335,-136.5568278,-40.30533298,-29.4282973,-14.19070435,red
1969.096869,-143.9100988,-5.947092554,-35.98744497,-12.27470015,red
2118.527353,-148.0903216,27.88079945,-38.50564032,-0.410091302,red
2278.887416,-148.9603612,58.65562957,-35.35612245,8.628658377,red
2450.738923,-146.4657374,84.20147896,-25.63327928,6.578921962,red
2634.657004,-140.6375797,102.8577712,-10.32797217,-1.259147029,red
2831.230097,-131.5931083,113.5938716,7.232685687,-3.147047706,red
3041.060014,-119.533595,116.0614905,22.22068843,3.828588795,red
3264.762008,-104.7398267,110.5832431,30.22130621,9.164100463,red
3502.964861,-87.56517731,98.08206371,29.27840964,1.78391187,red
3756.310963,-68.42647881,79.96162956,20.9061838,-14.30625593,red
4025.456404,-47.7929582,57.95213786,9.43146037,-21.26483509,red
4311.071038,-26.17356412,33.93839564,-0.029458169,-6.735318007,red
4613.838557,-4.103056687,9.787874937,-3.933206441,19.45293497,red
4934.456558,17.87272137,-12.80488136,-1.85677685,31.8380927,red
5273.636604,39.21194221,-32.44397551,3.493227089,15.30517814,red
5632.104274,59.39179883,-48.1184542,7.782310731,-16.8554228,red
6010.599226,77.92296667,-59.24431629,7.307177341,-34.45753115,red
6409.875266,94.36308645,-65.66224948,0.88896548,-21.14241662,red
6830.700424,108.3288552,-67.59577254,-9.543662396,8.836682973,red
7273.857047,119.5063453,-65.57825083,-19.93171266,26.55201419,red
7740.141876,127.6592305,-60.35965408,-26.03037374,18.95057511,red
8230.366125,132.6346741,-52.80487773,-25.28084739,-0.528983065,red
8745.355558,134.3667083,-43.7951632,-17.76052324,-11.251931,red
9285.950554,132.8770133,-34.14265655,-5.920116526,-8.680090304,red
9853.006166,128.2730975,-24.52556311,6.624905621,-3.825927671,red
10447.39219,120.7439685,-15.44825817,16.58617524,-4.26519837,red
11069.99323,110.5534559,-7.227589155,22.05129365,-4.586570703,red
11721.70878,98.03141169,-0.003622176,22.71171222,2.599198661,red
12403.45326,83.56307559,6.22951367,19.40113221,13.09865652,red
13116.15605,67.57694528,11.57894535,13.39895627,14.6698088,red
13860.76147,50.5315383,16.20189366,5.950482229,2.748289671,red
14638.22869,32.90147406,20.25563377,-1.801899727,-12.55570594,red
15449.53163,15.16333621,23.85550327,-8.633207347,-17.18195996,red
16295.65879,-2.218218912,27.04625406,-13.17594922,-8.201454878,red
17177.61306,-18.80365982,29.78976024,-14.26033777,4.580613916,red
18096.41155,-34.19066962,31.96958416,-11.55444464,10.79486774,red
19053.08531,-48.02475912,33.4105404,-6.063922798,9.45059648,red
20048.67917,-60.00808953,33.90947414,-0.024204987,5.740861922,red
21084.25146,-69.90626075,33.27211222,3.931196553,1.806825259,red
22160.87375,-77.55291011,31.35013888,3.955965309,-4.703673526,red
23279.63066,-82.85206246,28.07277117,-0.090691546,-12.94280816,red
24441.61937,-85.77826116,23.46813013,-6.46797878,-14.85937053,red
25647.94928,-86.37458296,17.67148028,-12.19310862,-3.625731435,red
26899.74129,-84.74869704,10.91958282,-14.19128904,14.68590838,red
28198.12703,-81.06717632,3.532530487,-10.48817465,23.01963759,red
29544.24782,-75.54830562,-4.113807225,-1.019214705,10.70168131,red
30939.25342,-68.45365438,-11.62043587,12.20192307,-12.59685777,red
32384.30053,-60.07869819,-18.59831614,25.58773194,-24.54008328,red
33880.55107,-50.74278612,-24.69764527,34.97924416,-13.31851973,red
35429.17019,-40.77876434,-29.63024994,36.84087614,9.343139174,red
37031.32403,-30.52257394,-33.18350045,29.3297444,20.77776259,red
38688.17716,-20.30313163,-35.22561435,13.00059434,11.61209591,red
40400.8898,-10.43277608,-35.70340936,-9.022767322,-5.834595947,red
42170.61462,-1.198528251,-34.63442883,-31.54611291,-13.4168659,red
43998.49337,7.145617991,-32.09590388,-48.52993353,-7.212084787,red
45885.65311,14.38518732,-28.21316072,-54.85832493,1.604610079,red
47833.20216,20.35034453,-23.14970408,-48.11628237,3.385152244,red
49842.22573,24.91953854,-17.10037653,-29.63956488,1.225482096,red
51913.78117,28.02161019,-10.28792201,-4.279838708,3.120171192,red
54048.89299,29.63635398,-2.962225499,21.14124363,7.88067954,red
56248.5474,29.79356774,4.599321064,40.10631665,5.696023382,red
58513.68669,28.57066314,12.09233288,48.47941082,-6.693126666,red
60845.20314,26.08894357,19.1888692,45.56928679,-17.57774297,red
63243.93268,22.50868939,25.54550739,33.86289573,-12.33712518,red
65710.64817,18.02322265,30.81710618,17.70867102,7.501779297,red
68246.05236,12.8521417,34.67628034,1.594831929,22.67210045,red
70850.77049,7.233921275,36.83739755,-11.28419702,16.42563998,red
73525.3425,1.418079239,37.08288188,-19.6675123,-5.929775633,red
76270.21482,-4.342871663,35.28902267,-23.91677331,-21.61856133,red
79085.73174,-9.801448172,31.44829588,-25.0429569,-15.16323354,red
81972.12641,-14.72295566,25.6851928,-23.72277891,4.602526608,red
84929.51133,-18.89275745,18.26275526,-19.94190562,15.26132404,red
87957.86841,-22.12285072,9.577649639,-13.43556083,7.090811963,red
91057.03859,-24.25756696,0.142667489,-4.522794738,-6.444521621,red
94226.71085,-25.17824134,-9.443150018,5.334313908,-6.785814211,red
97466.41079,-24.80672719,-18.53516939,13.7219209,5.662025185,red
100775.4885,-23.10767023,-26.49169606,18.19471978,12.12192486,red
104153.1058,-20.08949835,-32.7263773,17.43568768,0.386507256,red
107598.2229,-15.80412042,-36.75968388,12.01151939,-17.6155819,red
111109.584,-10.34536172,-38.26432797,4.288024008,-18.96994341,red
114685.7024,-3.846199413,-37.09973435,-2.514845859,1.585326189,red
118324.8439,3.525102697,-33.3315308,-5.716671709,23.2285576,red
122025.0105,11.56983156,-27.23332448,-4.356991038,22.33771408,red
125783.9212,20.06448456,-19.26966617,0.416342822,-0.210412253,red
129598.9928,28.76708901,-10.06091629,5.945216095,-20.43072008,red
133467.3186,37.42401035,-0.332589808,9.340346713,-18.90659986,red
137385.6461,45.77706621,9.146462503,8.785600599,-1.254213534,red
141350.3526,53.5707494,17.63123011,4.228250173,11.58712232,red
145357.4186,60.55935363,24.46643766,-2.806538813,8.917346966,red
149402.4003,66.51379957,29.14452479,-10.0393641,0.038470596,red
153480.3988,71.22797584,31.34989655,-15.37336416,-1.340720758,red
157586.0276,74.5244288,30.98505342,-17.50292208,4.20754467,red
161713.3769,76.25925645,28.1760635,-16.05969392,4.284389082,red
165855.9761,76.32608676,23.25696461,-11.43516505,-6.217002371,red
170006.7526,74.65905218,16.73486721,-4.512567799,-15.70625631,red
174157.9875,71.2347036,9.239482793,3.527036128,-9.751776135,red
178301.2685,66.07283561,1.46228098,11.29771847,9.065942695,red
182427.439,59.23622188,-5.908612879,17.30036507,21.50064099,red
186526.5434,50.82928709,-12.2513795,20.14223065,13.34919143,red
190587.7688,40.99576803,-17.06529317,18.91356623,-7.585514613,red
194599.3822,29.91543341,-20.01233599,13.57907062,-20.05934496,red
198548.6637,17.79993936,-20.94220057,5.149040671,-13.02386214,red
202421.8354,4.887915861,-19.89890288,-4.483103774,3.887189385,red
206203.9845,-8.560584065,-17.10878243,-12.9551661,13.54250692,red
209878.9829,-22.27011291,-12.95132715,-17.99442244,9.713453733,red
213429.4007,-35.95617169,-7.916031056,-18.07510922,-0.347878522,red
216836.4144,-49.33171285,-2.550000719,-13.05812969,-7.103338029,red
220079.7097,-62.11365519,2.59807654,-4.517693819,-7.088522164,red
223137.3786,-74.02926596,7.031800394,4.57328825,-1.856281276,red
225985.81,-84.82226869,10.35341834,10.87064841,5.096373787,red
228599.5745,-94.25854005,12.29835035,12.05233156,8.566986117,red
230951.302,-102.1312703,12.75491742,7.915439495,3.733739153,red
233011.5529,-108.2654818,11.76786696,0.554484083,-7.564543158,red
234748.6822,-112.521819,9.525984464,-6.547393734,-14.56889948,red
236128.6957,-114.7995326,6.335782361,-10.08769459,-7.072485254,red
237115.0996,-115.0385931,2.584687569,-8.40588312,11.06977563,red
237668.7406,-113.2208834,-1.301936911,-2.166784836,21.94047482,red
237747.6392,-109.3704459,-4.905254547,5.99004981,11.63049265,red
237306.8136,-103.5527794,-7.85434774,12.62542649,-12.28738333,red
236298.0955,-95.87320263,-9.860574652,14.9540801,-26.03606556,red
234669.9358,-86.47432808,-10.74192959,11.94146905,-14.77385931,red
232367.202,-75.53271553,-10.43569601,4.60850273,10.38875792,red
229330.9651,-63.25480248,-8.998995315,-4.50956184,24.01793583,red
225498.2769,-49.87222555,-6.598007209,-12.42374169,13.94822006,red
220801.9367,-35.6366553,-3.487548542,-16.75833196,-6.768099793,red
215170.2477,-20.81426918,0.016616801,-16.41337242,-16.39155116,red
208526.7624,-5.67999315,3.569857107,-11.69731071,-8.724880956,red
200790.0165,9.488351559,6.831984633,-4.052317328,3.253561664,red
191873.2519,24.41586084,9.498705484,4.435236021,5.969413447,red
181684.1273,38.83619051,11.32847511,11.59089134,0.984058017,red
170124.4175,52.49690702,12.16255818,15.66762323,-0.859171406,red
157089.7001,65.16442969,11.93675478,15.73433468,3.705294871,red
142469.0291,76.62845496,10.68402167,11.86852582,6.210649119,red
126144.5968,86.70576738,8.528083796,5.123881634,-0.248544129,red
107991.3817,95.24336591,5.669048162,-2.706421197,-9.645848567,red
87876.78365,102.1208582,2.362778584,-9.504925665,-9.961777016,red
65660.24494,107.2520925,-1.103764357,-13.3916265,0.621354198,red
41192.85818,110.5860122,-4.438824492,-13.32017424,10.39708395,red
-5.23E-07,-5.23E-07,-5.45E-06,-0.001297165,-0.004253462,blue
-5.63E-06,-5.57E-06,-5.55E-05,-0.010769616,-0.02093516,blue
-2.92E-05,-2.85E-05,-0.000266832,-0.037974021,-0.013308915,blue
-9.88E-05,-9.42E-05,-0.000807486,-0.06695704,0.115943935,blue
-0.00024643,-0.000227473,-0.001708661,-0.025930347,0.279418939,blue
-0.000482952,-0.000424255,-0.002559708,0.176476048,0.017558051,blue
-0.000757863,-0.000611901,-0.002259337,0.535278684,-0.835577729,blue
-0.000909345,-0.000606853,0.001008086,0.853896378,-1.238132917,blue
-0.000606242,-7.63E-05,0.00949174,0.795016506,0.201618367,blue
0.000716817,0.001490667,0.025305142,0.094332707,2.754138133,blue
0.003926678,0.004793947,0.049632407,-1.197502977,3.130967938,blue
0.010251972,0.010704074,0.081807287,-2.629320609,-0.725416863,blue
0.021326249,0.020204256,0.118439105,-3.503412902,-5.672985248,blue
0.039208359,0.034291328,0.15286654,-3.190631811,-5.526675766,blue
0.06638164,0.053844797,0.175276139,-1.436441371,1.411064707,blue
0.105736196,0.07947898,0.17372265,1.477123981,8.523465758,blue
0.160537434,0.111393771,0.136068162,4.761815826,7.266624603,blue
0.234384881,0.149240854,0.052633883,7.33569805,-2.327404411,blue
0.331166764,0.192022826,-0.080837789,8.163854538,-10.18283465,blue
0.455015679,0.238040241,-0.260469583,6.627118273,-7.215416429,blue
0.610265838,0.284893401,-0.472447692,2.784582555,3.604738177,blue
0.801404408,0.329533965,-0.692788326,-2.581552097,10.12296087,blue
1.033003694,0.368352707,-0.889127379,-8.157522489,5.191736258,blue
1.309617196,0.397284499,-1.024629429,-12.4508819,-4.923811155,blue
1.635626255,0.411915736,-1.063610066,-14.17144819,-8.295212657,blue
2.015038763,0.407595831,-0.977906297,-12.51589001,-1.656540548,blue
2.451254475,0.379568607,-0.752706547,-7.338123797,6.086088075,blue
2.946817176,0.323144126,-0.390592724,0.72945942,5.1024532,blue
3.503176486,0.233930447,0.087120904,10.19280989,-3.190801942,blue
4.120480106,0.108136785,0.642113613,18.76105302,-7.83806311,blue
4.797413079,-0.057052412,1.223584225,23.72935132,-1.89983484,blue
5.531094976,-0.263046902,1.774754187,22.74751784,8.524741593,blue
6.317036928,-0.509394639,2.240120602,14.79457363,10.85921164,blue
7.149151738,-0.793345298,2.572102827,0.956289132,0.79968977,blue
8.019807193,-1.10948331,2.735939371,-15.42969839,-11.92961179,blue
8.919916197,-1.449474637,2.712186384,-29.49640417,-13.79528552,blue
9.839060872,-1.801962592,2.496739024,-36.33457953,-2.341308828,blue
10.76564525,-2.152642546,2.098758807,-32.79456183,11.00730672,blue
11.68706759,-2.484538597,1.537230199,-18.91271281,13.39598873,blue
12.58990527,-2.77849115,0.837106662,1.71578172,4.107811024,blue
13.46011365,-3.013842308,0.026101431,22.94273019,-5.967821314,blue
14.28324797,-3.169285631,-0.866989821,38.16742607,-7.5727359,blue
15.04471401,-3.223839729,-1.812049006,42.68418638,-2.854580449,blue
15.73004112,-3.157908865,-2.775759643,35.27957101,-0.309984874,blue
16.32515981,-2.954398598,-3.718939711,18.45912692,-2.35060916,blue
16.81666329,-2.599850718,-4.594172832,-2.645633264,-2.297711845,blue
17.19204111,-2.085547636,-5.344716581,-22.08446885,4.913460032,blue
17.43988327,-1.408522233,-5.905364612,-34.86056453,12.8439595,blue
17.55006079,-0.572402109,-6.205583152,-38.14437554,9.401178369,blue
17.51389058,0.411980231,-6.174905556,-31.75484591,-6.856910444,blue
17.32428893,1.526267226,-5.750278242,-17.98083083,-20.86279716,blue
16.97591312,2.744584143,-4.884779976,-0.888170379,-15.87979608,blue
16.46528431,4.033892163,-3.556881744,14.75050529,6.403676275,blue
15.7908841,5.35468656,-1.779152824,24.74339309,24.84711284,blue
14.95322247,6.662029683,0.394916915,26.72069606,20.33233186,blue
13.95488124,7.906898485,2.86735739,20.92762192,-3.572304277,blue
12.80053641,9.037810008,5.496551086,10.16370874,-24.01565792,blue
11.49695657,10.00266687,8.103081714,-1.268376961,-22.34246089,blue
10.05296887,10.75074698,10.48062029,-9.2653317,-1.774730113,blue
8.479386513,11.23475488,12.4113145,-11.53789173,18.17165687,blue
6.788898799,11.41285485,13.68465158,-8.380501467,21.58745588,blue
4.995929935,11.2506084,14.11827133,-2.264244715,8.670411315,blue
3.116470382,10.72273814,13.57873382,3.470109133,-8.523691031,blue
1.167880997,9.814639649,11.99995493,6.135667207,-17.93496662,blue
-0.83133068,8.523570106,9.397030845,4.745587644,-14.75243907,blue
-2.861761192,6.859454145,5.873489322,0.201566903,-1.906826546,blue
-4.903384847,4.845264121,1.620597311,-5.324030078,12.18924303,blue
-6.935843767,2.51694961,-3.091874086,-9.434773344,17.60444015,blue
-8.938746841,-0.077092157,-7.933163466,-10.49988713,9.542091948,blue
-10.8919696,-2.876996254,-12.53616723,-8.203790646,-6.231169182,blue
-12.77594758,-5.81283625,-16.52728004,-3.508587959,-16.49297768,blue
-14.57195609,-8.806417565,-19.55884372,1.867903175,-12.24991101,blue
-16.262368,-11.77340374,-21.34119521,6.190463616,2.093717485,blue
-17.83087912,-14.6257072,-21.67116644,8.349759943,12.75750378,blue
-19.26269164,-17.27406761,-20.45411723,8.165657543,10.42968416,blue
-20.54465292,-19.6307411,-17.71717591,6.260201958,-0.813247947,blue
-21.66535362,-21.61222548,-13.612179,3.616839434,-8.818270048,blue
-22.61519313,-23.14194794,-8.407726996,1.090208996,-6.41801739,blue
-23.38642126,-24.15284095,-2.470724225,-0.874336405,2.026129653,blue
-23.97316225,-24.58972899,3.761326515,-2.204266177,6.671044806,blue
-24.37142459,-24.41144857,9.815159143,-2.95335272,3.032704791,blue
-24.57910057,-23.59262867,15.22086013,-3.080954246,-4.130479611,blue
-24.59595952,-22.12506581,19.55190035,-2.441653332,-6.811053886,blue
-24.42363604,-20.0186352,22.46252204,-0.982443353,-2.164662639,blue
-24.0656087,-17.30168527,23.71906882,1.027762565,5.184785668,blue
-23.52716014,-14.02087384,23.22227897,2.935361357,8.122041025,blue
-22.81530536,-10.24041759,21.01827136,3.894907182,3.756123541,blue
-21.93867457,-6.040747437,17.29685569,3.233484735,-4.194522404,blue
-20.90735036,-1.516597578,12.37674413,0.765550168,-8.955795349,blue
-19.73267223,3.225408284,6.678365037,-3.106097955,-6.477050373,blue
-18.42702114,8.069591969,0.686347337,-7.477401719,1.539193982,blue
-17.00359359,12.8943835,-5.094976136,-11.11935646,8.939531562,blue
-15.47617707,17.57570416,-10.18878136,-12.71599616,9.383638519,blue
-13.85894145,21.99045318,-14.19092968,-11.19009619,1.450226302,blue
-12.16625888,26.01998087,-16.80833976,-6.094201757,-8.838770137,blue
-10.4125605,29.55343788,-17.88630237,2.054228749,-11.91326971,blue
-8.612239053,32.4908954,-17.42160395,11.65454321,-3.7541568,blue
-6.779609151,34.74613792,-15.55987474,20.25505093,8.650677523,blue
-4.92892516,36.24905493,-12.57719114,25.20306175,13.29551518,blue
-3.074431628,36.94759706,-8.847536116,24.59491326,5.59312318,blue
-1.230407973,36.80928778,-4.799393195,18.11855308,-6.902198783,blue
0.588821226,35.82228085,-0.866394304,7.269266624,-12.93144723,blue
2.36891988,33.99594158,2.561923439,-5.273080665,-8.490334869,blue
4.095611396,31.36092043,5.182957128,-16.77179246,1.720111427,blue
5.754768253,27.96868513,6.811913355,-25.3921152,10.64868057,blue
7.332497041,23.89048579,7.396809921,-30.43458947,13.45198866,blue
8.815202884,19.21575135,7.016027361,-31.78682194,7.734227143,blue
10.18963157,14.04994873,5.859407114,-29.10058389,-5.356660081,blue
11.44289825,8.511965159,4.196167686,-21.45262711,-18.37329397,blue
12.56250908,2.731087466,2.334470422,-7.971129804,-19.92590068,blue
13.53637426,-3.156341578,0.578257422,10.80861735,-4.701418842,blue
14.35280893,-9.010501012,-0.812927032,31.78287889,18.21033653,blue
15.00051875,-14.69180452,-1.656033065,49.34165275,30.0504003,blue
15.46857089,-20.06463963,-1.864648355,57.06595754,18.59742879,blue
15.74635411,-25.00101867,-1.455012577,50.47759094,-9.265824298,blue
15.82353232,-29.38402759,-0.537691142,29.49828381,-31.81831015,blue
15.68999396,-33.1109667,0.703357138,-0.753591614,-30.66727595,blue
15.33579683,-36.09608875,2.040937672,-31.44098383,-6.387604466,blue
14.75110845,-38.27285237,3.239525228,-53.22970634,22.22108068,blue
13.92614349,-39.59562202,4.089997402,-59.83378085,33.82575043,blue
12.85110025,-40.04076312,4.439477451,-50.30616593,21.08833357,blue
11.5160955,-39.60710246,4.212357276,-29.11149304,-5.126864273,blue
9.911095146,-38.31574667,3.419862304,-4.051965534,-25.48839919,blue
8.02584215,-36.20926685,2.157193982,16.95520898,-26.77478043,blue
5.849789854,-33.35027135,0.589041852,28.81381459,-10.37480387,blue
3.372046432,-29.81941016,-1.074264192,30.66587814,10.2916419,blue
0.58133008,-25.71287904,-2.606601848,25.33279003,20.67670424,blue
-2.5340694,-21.13951151,-3.797870755,17.2896191,15.94241973,blue
-5.986328257,-16.21755992,-4.483550648,10.32183363,3.083619827,blue
-9.788130407,-11.07127451,-4.568099704,6.020086453,-7.060206904,blue
-13.95271478,-5.827390257,-4.039081532,3.697527457,-9.663020185,blue
-18.49392622,-0.611627583,-2.970091121,1.51618186,-7.783108207,blue
-23.4262682,4.454689498,-1.512036364,-1.992183576,-5.758819229,blue
-28.76496143,9.257794511,0.126073739,-6.92067338,-3.261493992,blue
-34.52601525,13.69432283,1.704308023,-11.97267581,2.698520325,blue
-40.72631374,17.67376065,2.983481631,-15.27629101,11.07772243,blue
-47.38371059,21.12044378,3.757358315,-15.43862101,14.84409746,blue
-54.51712116,23.97507279,3.881377876,-12.24359973,7.615020995,blue
-62.14660337,26.19572393,3.294225368,-6.715973965,-7.899967549,blue
-70.29342252,27.75834643,2.029334177,-0.632028738,-19.68793975,blue
-78.98009553,28.65675183,0.21461773,4.22960304,-16.54384033,blue
-88.23040955,28.90211502,-1.939838373,6.75405679,0.519065917,blue
-98.06941226,28.52201726,-4.164924863,6.814298146,17.48435456,blue
-108.5233755,27.55906886,-6.163967752,5.16515238,19.58134352,blue
-119.619736,26.06915693,-7.648888536,3.011968822,5.403054843,blue
-131.3870186,24.11937316,-8.376762471,1.480878292,-11.57301365,blue
-143.8547453,21.78568435,-8.182289847,1.214282448,-16.28942095,blue
-157.0533371,19.15041442,-7.002078856,2.213381331,-6.651921231,blue
-171.0140181,16.29960693,-4.88756004,3.922825615,5.852457796,blue
-185.7687335,13.32034052,-2.004638479,5.484001771,9.390206875,blue
-201.3500865,10.29807567,1.380335886,6.070106953,3.662126704,blue
-217.7912956,7.314119027,4.927142499,5.202300766,-2.327081453,blue
-235.1261619,4.443294246,8.258166928,2.933178038,-2.288974858,blue
-253.3890413,1.751900377,11.00079708,-0.201836201,0.751213151,blue
-272.6148221,-0.703979203,12.83079224,-3.468963098,0.463232264,blue
-292.8389087,-2.879770179,13.51138553,-6.29313095,-3.175373809,blue
-314.0972155,-4.743268724,12.92329775,-8.451486206,-3.836673493,blue
-336.4261701,-6.275052493,11.0818459,-9.982536374,1.566087952,blue
-359.8627294,-7.468440012,8.138814803,-10.89561011,7.085334719,blue
-384.4444113,-8.329013049,4.368571288,-10.90703268,4.67762458,blue
-410.209339,-8.873727351,0.13983814,-9.413560672,-4.507663109,blue
-437.1962924,-9.129646138,-4.123682434,-5.773689048,-9.925687549,blue
-465.4447575,-9.132342161,-7.98931442,0.210553983,-4.205656819,blue
-494.9949653,-8.924027407,-11.06277464,7.859163478,7.039188129,blue
-525.8879186,-8.551484102,-13.03154106,15.50030273,11.16209965,blue
-558.1654054,-8.063881751,-13.69936808,20.84138546,3.44461299,blue
-591.8700008,-7.510568529,-13.0080893,21.77317142,-7.321425289,blue
-627.0450545,-6.938923951,-11.04425703,17.30535508,-9.479946004,blue
-663.7346639,-6.392355897,-8.029861592,8.18947657,-2.079338681,blue
-701.9836328,-5.908522756,-4.298199649,-3.142760156,5.124768798,blue
-741.8374272,-5.517858365,-0.257667361,-13.3934146,4.394710821,blue
-783.3421379,-5.242465573,3.652446708,-19.63086,-0.934655152,blue
-826.5444575,-5.095422687,7.009341896,-20.36593316,-2.091377382,blue
-871.4916698,-5.080520369,9.452230146,-15.98083793,2.758388429,blue
-918.2316459,-5.192422292,10.7212465,-8.378592823,5.776725649,blue
-966.8128396,-5.417224293,10.68567487,-0.114328508,0.164854696,blue
-1017.284277,-5.733372283,9.35849331,6.537304903,-9.475480697,blue
-1069.695535,-6.112890315,6.895601842,10.19222611,-11.20648566,blue
-1124.096724,-6.52286385,3.579655189,10.50675761,-0.319676301,blue
-1180.538458,-6.927115722,-0.209930736,7.986980587,13.39330029,blue
-1239.071836,-7.288003281,-4.037678795,3.68565027,15.39433463,blue
-1299.748423,-7.568256381,-7.459088436,-1.057007559,2.501236708,blue
-1362.620215,-7.732774588,-10.06892727,-4.837441418,-13.19024096,blue
-1427.739612,-7.750308071,-11.54558187,-6.471948954,-16.89676664,blue
-1495.159365,-7.594952771,-11.68668887,-5.349764433,-5.887790443,blue
-1564.932521,-7.247397735,-10.43218581,-1.72686399,9.051837352,blue
-1637.112343,-6.695871902,-7.872259579,3.230487239,15.14520377,blue
-1711.75219,-5.936745515,-4.239251187,7.773592664,8.985567614,blue
-1788.905357,-4.974749088,0.115741438,10.20563888,-2.611339075,blue
-1868.624823,-3.822790173,4.759107191,9.544788039,-10.4724105,blue
-1950.962924,-2.501386807,9.219701889,5.849279163,-10.49572966,blue
-2035.970973,-1.03778348,13.03725491,0.031515404,-4.485948102,blue
-2123.698864,0.535157141,15.8086117,-6.625019801,3.687006166,blue
-2214.194693,2.180188713,17.2268483,-12.83559282,10.4905451,blue
-2307.504447,3.856952264,17.10953864,-17.35054304,11.97006375,blue
-2403.671768,5.523213379,15.4140608,-18.81120717,4.655672399,blue
-2502.737809,7.136021756,12.23950241,-15.80772182,-9.307708978,blue
-2604.741169,8.652775153,7.816164635,-7.416866637,-19.41617951,blue
-2709.717907,10.03218831,2.484671864,5.891077458,-14.24196049,blue
-2817.701599,11.23518045,-3.332733203,21.5139912,5.58303506,blue
-2928.723442,12.22570199,-9.165949185,34.81539001,24.01802109,blue
-3042.812363,12.97151923,-14.53322141,40.38906977,23.20232191,blue
-3159.995144,13.44496851,-18.97748299,34.19125798,1.788720924,blue
-3280.29653,13.62368474,-22.1008124,15.66413438,-21.94816528,blue
-3403.739333,13.49130257,-23.59519786,-11.21255375,-27.09695993,blue
-3530.344492,13.03812577,-23.26790757,-38.65153842,-10.11517531,blue
-3660.13109,12.26175425,-21.05987488,-57.53043872,12.73829401,blue
-3793.116305,11.16764944,-17.05568916,-60.75024569,22.19043795,blue
-3929.315273,9.769609927,-11.48405088,-46.11799003,13.69975736,blue
-4068.740866,8.090121126,-4.707949002,-17.48416028,-1.412085731,blue
-4211.403352,6.16053434,2.795597164,16.43634786,-9.951607167,blue
-4357.309968,4.021021059,10.46563026,45.14110219,-9.161902544,blue
-4506.464384,1.720245633,17.6957719,60.09611476,-5.17916448,blue
-4658.866093,-0.685289348,23.87902907,57.69757492,-2.771618578,blue
-4814.509698,-3.132245099,28.45614835,40.32210912,-0.38038781,blue
-4973.3841,-5.551786455,30.96422218,15.11464375,4.537586375,blue
-5135.471554,-7.871233924,31.08164561,-8.984781196,8.996254074,blue
-5300.746602,-10.01599938,28.66506204,-24.78282558,7.100639004,blue
-5469.174881,-11.91176948,23.77399858,-29.45718939,-1.075195537,blue
-5640.711814,-13.48688691,16.67958121,-25.12987853,-7.353790508,blue
2.33E-08,2.33E-08,2.42E-07,5.77E-05,0.000189043,red
1.11E-06,1.10E-06,1.14E-05,0.002604079,0.007899828,red
1.07E-05,1.06E-05,0.00010455,0.019747504,0.036250222,red
5.63E-05,5.48E-05,0.000513781,0.074099016,0.041259727,red
0.000207881,0.000199023,0.001739152,0.173379134,-0.093473873,red
0.000607388,0.000568911,0.004569748,0.271854915,-0.31209122,red
0.001502488,0.001370904,0.009964834,0.261981907,-0.223696637,red
0.003280508,0.002902533,0.018752434,0.02171447,0.405031623,red
0.006497096,0.005547067,0.031167913,-0.492985604,1.021887507,red
0.01189631,0.009748633,0.046338742,-1.159029285,0.667423799,red
0.020420894,0.015968315,0.061884879,-1.668027492,-0.759674495,red
0.033216646,0.024628554,0.07385129,-1.61676661,-1.943732897,red
0.051637454,0.036056892,0.077139283,-0.697848498,-1.417580688,red
0.077253274,0.050435653,0.06642472,1.066978762,0.582939848,red
0.111857487,0.067757851,0.037365279,3.173073485,2.1660969,red
0.157469817,0.087788921,-0.012169998,4.710375295,1.977445848,red
0.216334144,0.110036863,-0.081092579,4.72859127,0.642472394,red
0.290908081,0.13373073,-0.164550451,2.741706771,-0.565432269,red
0.383837618,0.157803575,-0.254050642,-0.906130086,-1.552111955,red
0.49791531,0.180881621,-0.33826489,-5.026118062,-2.609185068,red
0.636027632,0.20128876,-0.404341648,-7.970640075,-2.608501082,red
0.801095888,0.217073573,-0.439505103,-8.307346434,-0.089249475,red
0.996010992,0.226060524,-0.432746832,-5.514835204,3.750195877,red
1.223567941,0.225930878,-0.376354738,-0.3405449,5.257719199,red
1.486413282,0.214344062,-0.266993678,5.41445991,2.432552401,red
1.787012853,0.189100577,-0.10623351,9.593867324,-2.550646329,red
2.127638681,0.148335156,0.099385877,10.53786669,-5.607560513,red
2.510374649,0.090726569,0.338635798,7.742014731,-4.532186674,red
2.93713874,0.015706522,0.596098605,2.070910193,-0.356384839,red
3.409713458,-0.076356869,0.85274605,-4.557481023,3.87648253,red
3.929772899,-0.184027504,1.08652981,-9.881216932,5.248616797,red
4.49889359,-0.304746066,1.273032826,-12.10591481,2.860670294,red
5.118539835,-0.434866491,1.386379256,-10.49542133,-1.387775661,red
5.790023836,-0.569783326,1.400733436,-5.529266569,-4.098275087,red
6.514448515,-0.704135131,1.29268945,1.365950231,-3.354929335,red
7.292642943,-0.832062296,1.044623806,8.315026099,-0.563621468,red
8.125099266,-0.947495736,0.648747085,13.49168391,1.311508182,red
9.011918853,-1.044453049,0.1112648,15.49050831,1.307202506,red
9.952771083,-1.117323637,-0.544209233,13.56726976,1.174027404,red
10.94686075,-1.16113343,-1.274972714,7.790189844,2.170565902,red
11.99289776,-1.171783827,-2.020121893,-0.868729422,2.621850316,red
13.08906779,-1.146255906,-2.70441521,-10.54164766,0.14864117,red
14.23300949,-1.08276576,-3.244981842,-18.69374787,-4.305104119,red
15.42180534,-0.980857777,-3.560265296,-22.69599443,-6.506142159,red
16.65198831,-0.841431298,-3.580255299,-20.70765102,-3.521009785,red
17.9195627,-0.666703396,-3.256803883,-12.5617634,2.844017162,red
19.22003836,-0.460113141,-2.572653131,-0.17777537,7.760775245,red
20.5484778,-0.226174798,-1.547815989,12.84656808,7.671805733,red
21.89955352,0.029708057,-0.24219193,22.42349826,2.513490034,red
23.26760786,0.301449164,1.246268944,25.48509252,-4.878314891,red
24.64670509,0.582486647,2.788039908,21.16866879,-10.10904542,red
26.03067021,0.865976161,4.232833573,11.16648062,-9.008042467,red
27.41311567,1.144965726,5.423990424,-0.915121909,-0.850723781,red
28.7874621,1.41255503,6.215180936,-10.94053744,9.12861297,red
30.14695734,1.662041653,6.487685069,-15.83431842,12.50590971,red
31.48469404,1.887054184,6.166204837,-14.73255824,5.554109185,red
32.7936286,2.081674893,5.231177037,-9.194382148,-5.71319385,red
34.06661123,2.240562136,3.725880425,-2.360963168,-10.68964995,red
35.29643946,2.359084167,1.757119855,2.542299682,-5.461053972,red
36.47593749,2.433463275,-0.511203766,3.616829689,2.778764177,red
37.59805303,2.460916261,-2.871620087,0.961232201,4.555748509,red
38.65596613,2.439778672,-5.092732026,-3.595500052,-0.054889955,red
39.64320949,2.369605363,-6.943057112,-7.44237469,-2.181056599,red
40.55380109,2.251241413,-8.216470188,-8.34005678,2.825745261,red
41.38238825,2.08685686,-8.756305326,-5.317212664,7.816305488,red
42.12439758,1.879934918,-8.475226364,0.978265674,3.185195497,red
42.77617887,1.635199404,-7.368386792,8.539613858,-8.608592593,red
43.33512795,1.358467461,-5.518074075,14.75001343,-13.67879837,red
43.79977565,1.056421338,-3.088880746,17.35959676,-3.688945663,red
44.16983592,0.736304808,-0.313422356,15.34681216,12.00625746,red
44.44621112,0.405560703,2.530311616,9.325107566,15.73156504,red
44.63095853,0.071436874,5.147875291,1.308465732,2.340370422,red
44.72722811,-0.259403399,7.260605454,-6.091935511,-13.78439982,red
44.73918266,-0.581229718,8.637616167,-10.72402664,-14.84116257,red
44.67190635,-0.889522715,9.123706341,-11.76134999,0.006182562,red
44.53130007,-1.181165852,8.659533768,-9.985928091,14.09609673,red
44.32395946,-1.454542695,7.291189606,-7.312731069,12.71031638,red
44.0570368,-1.70953217,5.167595636,-5.725324505,-0.99212212,red
43.73809241,-1.94739597,2.525666486,-6.135568392,-11.57169379,red
43.37494053,-2.170559464,-0.33532172,-7.79790754,-9.737084939,red
42.97549149,-2.382297934,-3.087393482,-8.659705951,-0.771040167,red
42.54759121,-2.586346319,-5.411745177,-6.509467905,5.041536586,red
42.09886384,-2.786451323,-7.036343699,-0.315244373,5.101480785,red
41.63656602,-2.985886034,-7.768685611,8.968702754,4.099373048,red
41.16746168,-3.186950385,-7.519672677,18.56575584,4.1170549,red
40.69772392,-3.39048527,-6.3156146,24.95125594,1.265535487,red
40.23286696,-3.595433302,-4.296813446,25.33205604,-6.353036952,red
39.77770464,-3.798484102,-1.702820062,18.85067279,-12.1815353,red
39.33632519,-3.993845947,1.153932652,6.988746243,-7.608848301,red
38.91206769,-4.173182855,3.923078307,-6.958914307,5.948905342,red
38.50748687,-4.325745115,6.255905355,-19.054416,15.89697384,red
38.12429745,-4.438704992,7.845219324,-26.02282391,11.59779446,red
37.76329695,-4.497687818,8.461192783,-26.20895962,-3.347697883,red
37.42427412,-4.487468244,7.979402138,-19.92217828,-14.54384127,red
37.10591165,-4.392789212,6.398019354,-9.186045896,-12.1021501,red
36.80569066,-4.199255096,3.842155128,2.917902897,-0.140389291,red
36.5198017,-3.894248198,0.554590749,13.09241534,9.352997115,red
36.24306745,-3.467816214,-3.126481838,18.67658716,9.525150359,red
35.96888404,-2.913476957,-6.800701686,18.35732276,3.486068775,red
35.68919078,-2.228888642,-10.04654097,12.56866338,-2.174574804,red
35.39447814,-1.416340505,-12.46595856,3.410551559,-4.888651031,red
35.07383887,-0.483033218,-13.72817167,-5.988124367,-5.85377763,red
34.71505748,0.558860517,-13.60806986,-12.52917226,-5.160275425,red
34.30472689,1.692348128,-12.01521672,-14.24481436,-0.858048749,red
33.82838271,2.895967074,-9.01011895,-10.95569614,6.510069823,red
33.2706514,4.14431568,-4.805501511,-4.182086712,11.16207096,red
32.61541204,5.408745063,0.248267349,3.614996044,6.832990658,red
31.84596928,6.658184418,5.692797355,10.04381531,-5.222856256,red
30.94523073,7.860063251,11.00385929,13.55194491,-14.88594957,red
29.89587816,8.981287968,15.64217804,13.67791724,-12.07030462,red
28.68052248,9.989230338,19.1078415,10.83740391,2.402453705,red
27.28183604,10.85269132,20.99282742,5.920294712,15.94525448,red
25.68265838,11.54280911,21.02617553,-0.036627011,15.63948438,red
23.86606918,12.03388261,19.10688073,-6.007193258,1.074746216,red
21.81542086,12.30408465,15.32068413,-11.02399568,-14.557907,red
19.51432825,12.3360506,9.938557861,-14.21621517,-16.80513402,red
16.94661991,12.11734028,3.39658018,-14.90541902,-3.891190748,red
14.09625575,11.64077596,-3.741230312,-12.78454621,11.55102276,red
10.94721101,10.90465732,-10.8338608,-8.129739241,15.01773033,red
7.483322856,9.912853319,-17.22332996,-1.903912685,4.515940407,red
3.688104377,8.67478118,-22.29795949,4.418548334,-8.049913739,red
-0.455453893,7.205299197,-25.55244634,9.34307,-10.08792655,red
-4.965072854,5.524539999,-26.63856066,11.92252151,-1.892129422,red
-9.859355957,3.657692679,-25.40139373,12.0319709,4.874054152,red
-15.15794368,1.634728086,-21.89759659,10.19664293,2.307497995,red
-20.8816522,-0.509941817,-16.39375958,7.161860406,-3.705800563,red
-27.05259621,-2.737881023,-9.344947543,3.5378789,-2.080368302,red
-33.69430036,-5.007138626,-1.355319366,-0.279573804,6.978130761,red
-40.83180816,-7.272868746,6.875526393,-3.947916184,10.42418206,red
-48.49179516,-9.488073995,14.61555535,-6.964788738,-0.195089329,red
-56.70268895,-11.60447481,21.16691796,-8.615947677,-14.98568529,red
-65.49479601,-13.57349753,25.93012115,-8.194529938,-15.70896139,red
-74.90043512,-15.34736619,28.45985686,-5.419376009,1.295032387,red
-84.95407826,-16.88027658,28.50728355,-0.815510263,18.60379032,red
-95.69249967,-18.1296239,26.044735,4.219836833,17.26161825,red
-107.1549343,-19.0572494,21.27039759,7.807446268,-1.085874152,red
-119.3832465,-19.63066615,14.59231802,8.328459309,-16.47238101,red
-132.4221125,-19.82422283,6.59298764,5.188460873,-13.95397272,red
-146.3192241,-19.62016688,-2.022462237,-0.787001489,0.618537604,red
-161.12552,-19.00956528,-10.48979614,-7.541326932,10.12074947,red
-176.8954406,-17.99303464,-18.05502237,-12.49713702,6.933936752,red
-193.6871981,-16.58122693,-24.04295728,-13.50750634,-0.896250303,red
-211.563038,-14.79501492,-27.91840983,-9.681931162,-2.915328842,red
-230.5894715,-12.6653304,-29.33416903,-1.798368379,0.50581452,red
-250.8374636,-10.23263382,-28.1614725,7.819239531,1.384508556,red
-272.3825779,-7.546024327,-24.50051856,15.94169348,-2.880962175,red
-295.3050859,-4.662024615,-18.67052828,19.47082832,-5.451691846,red
-319.6900516,-1.643090484,-11.18066345,16.61133952,-0.29353875,red
-345.6273969,1.444095361,-2.684665056,7.767465878,7.766251083,red
-373.2119556,4.530480637,6.076659434,-4.283921514,7.774650462,red
-402.543516,7.546583998,14.34006007,-15.19380138,-2.86925857,red
-433.726854,10.42445065,21.38604006,-20.64802841,-12.98635574,red
-466.8717558,13.0995576,26.60102235,-18.17604051,-9.662633119,red
-502.0930336,15.51259972,29.5301726,-8.376174543,5.736335799,red
-539.5105525,17.61108101,29.91624394,5.054548316,17.37518468,red
-579.2492849,19.350646,27.72108036,16.66474433,12.27669194,red
-621.4393948,20.69611214,23.12811497,21.53395557,-4.825805072,red
-666.2163468,21.62218701,16.5259371,17.50416125,-16.95304217,red
-713.721031,22.11386961,8.474578699,6.244698606,-13.76275321,red
-764.0999002,22.16654312,-0.342491951,-7.45948445,-1.046737955,red
-817.5051148,21.78577421,-9.17659384,-17.90491974,8.7772932,red
-874.094695,20.98684394,-17.27737897,-21.06745007,10.80365821,red
-934.03267,19.79404715,-23.95634169,-16.30846612,8.764780934,red
-997.489213,18.23980529,-28.64493183,-6.396891271,5.312485282,red
-1064.640755,16.36363583,-30.94243194,4.041759264,-2.051648322,red
-1135.670075,14.211015,-30.64968914,10.77168426,-13.2319486,red
-1210.766365,11.8321666,-27.78596157,11.7769825,-19.09344358,red
-1290.125277,9.28080843,-22.58748233,7.884951201,-9.49184014,red
-1373.948943,6.61288443,-15.48781982,2.027894993,11.81467652,red
-1462.445978,3.885303384,-7.08163806,-2.383630124,26.04511087,red
-1555.831482,1.154699814,1.925152362,-3.137654809,17.89730483,red
-1654.327021,-1.523765228,10.77478469,-0.146388708,-6.299238213,red
-1758.160624,-4.097541568,18.72172763,4.744822192,-23.5690834,red
-1867.566758,-6.517744441,25.09616311,8.837459592,-18.5249073,red
-1982.786303,-8.7401096,29.36143818,9.914868017,0.894411349,red
-2104.06653,-10.72583652,31.16045406,7.17707725,14.13128391,red
-2231.661083,-12.44230827,30.34682328,1.426527439,11.28652917,red
-2365.829959,-13.86367627,26.99790665,-5.437678275,1.163852551,red
-2506.839503,-14.97129596,21.40843062,-11.2666961,-3.076352273,red
-2654.962402,-15.7540002,14.06509406,-14.44263815,-0.292078921,red
-2810.477679,-16.20820525,5.604206067,-14.3298678,0.441899092,red
-2973.670706,-16.33785242,-3.244097354,-11.31761568,-5.062844593,red
-3144.833228,-16.15418952,-11.72018353,-6.506170792,-9.205632407,red
-3324.263404,-15.67538654,-19.10192255,-1.178728207,-3.220370056,red
-3512.265831,-14.92597032,-24.76804955,3.712990594,9.157276664,red
-3709.151542,-13.93606879,-28.25198307,7.773108351,13.91254144,red
-3915.237963,-12.74047499,-29.28129389,10.95898339,3.670323698,red
-4130.848819,-11.37755638,-27.79949251,13.12655194,-11.41890137,red
-4356.314,-9.888046136,-23.96848103,13.71489273,-13.92256406,red
-4591.969375,-8.313761057,-18.15177384,11.88410883,0.035186421,red
-4838.156574,-6.696301116,-10.88033425,7.086175324,14.58553692,red
-5095.222737,-5.075797435,-2.804433851,-0.291078217,11.84916748,red
-5363.520267,-3.489775286,5.363968506,-8.638603061,-6.234162307,red
-5643.406586,-1.972181243,12.91331065,-15.4293973,-18.70641256,red
-5935.243892,-0.552600315,19.19385115,-18.05359167,-9.862776261,red
-6239.398905,0.744325543,23.67343401,-14.90487972,11.2676206,red
-6556.24261,1.899268292,25.98293241,-6.30268073,20.54822388,red
-6886.149984,2.898367909,25.94744676,5.214345124,7.224303403,red
-7229.499727,3.733175897,23.60053036,15.54294829,-12.97150058,red
-7586.673976,4.40040966,19.18020446,20.53009628,-16.75545761,red
-7958.057996,4.901549043,13.1070832,17.75935311,-1.477526205,red
-8344.039855,5.242308226,5.946418307,7.758113501,12.39783242,red
-8745.01005,5.432017992,-1.642725135,-6.014852306,7.659827621,red
-9161.361105,5.482958059,-8.966733704,-18.46283995,-7.874649024,red
-9593.487105,5.409681068,-15.35988588,-24.87977252,-12.0233422,red
-10041.78315,5.228366514,-20.24436281,-22.8344109,2.403163718,red
-10506.64476,4.956233679,-23.18243004,-13.11038291,17.48949194,red
-10988.46711,4.611029518,-23.91610104,0.67015936,12.66661987,red
-11487.64428,4.210595623,-22.39069345,13.55035663,-8.703174317,red
-12004.56833,3.772512711,-18.76004773,21.22651857,-22.38309078,red
-12539.62831,3.313820216,-13.37272662,21.69174282,-12.34863389,red
-13093.2091,2.850803821,-6.740234205,15.84708654,10.02585097,red
-13665.69024,2.398835741,0.50998231,6.843798861,19.88987173,red
-14257.44453,1.972249597,7.692528328,-1.48450545,8.285831989,red
-14868.83654,1.584234219,14.12778492,-6.323517845,-8.849749781,red
-15500.22105,1.246734345,19.20549955,-6.928742157,-11.67514677,red
-16151.94121,0.970347945,22.44229233,-4.619175249,-0.188798275,red
-16824.32666,0.764211757,23.52759179,-1.837405266,8.230536805,red
-17517.69141,0.635870131,22.35353138,-0.810117254,2.412181174,red
-18232.33159,0.591123032,19.02577987,-2.474762848,-8.800422451,red
-18968.52296,0.633851587,13.8540744,-6.135700646,-9.125211219,red
-19726.51832,0.765828214,7.323246704,-9.908653465,3.657150193,red
-20506.54458,0.986526419,0.047488195,-11.66024943,14.65945195,red
-21308.79969,1.292947288,-7.287772028,-9.995875786,10.2338843,red
-22133.44933,1.679476813,-13.99083482,-4.890688245,-5.513360141,red
-22980.62328,2.137786875,-19.42933276,2.275467658,-15.59471646,red
-23850.41156,2.656795622,-23.09012841,9.281171793,-9.617201461,red
-24742.86032,3.222706544,-24.62766487,13.97474161,5.156505256,red
-25657.96732,3.819148396,-23.8960171,15.12905384,12.8854821,red
-26595.67717,4.427434743,-20.96154071,12.84994508,6.683839094,red
-27555.87611,5.026947508,-16.09508149,8.34821602,-5.187535313,red
-28538.38646,5.595631676,-9.74485727,3.221143942,-9.706954837,red
-29542.96071,6.110578521,-2.493004608,-1.322562974,-3.02404365,red
-30569.27515,6.548676014,4.999800666,-4.833574667,6.782491932,red
-31616.92308,6.887309158,12.05629008,-7.422542591,9.088149491,red
-32685.4077,7.105090944,18.04523574,-9.237419164,1.305892773,red
-33774.13431,7.182599002,22.4388791,-10.06853805,-9.130830937,red
-34882.40226,7.103087123,24.85980681,-9.395558393,-11.90542182,red
-36009.39627,6.85313887,25.11301602,-6.83301261,-3.248373867,red
-37154.17724,6.423237926,23.20048373,-2.615157559,10.18809361,red
-38315.67262,5.808241471,19.31736768,2.269260831,16.38511867,red
-39492.66606,5.007749035,13.83071352,6.412719939,8.383345148,red
-40683.7866,4.026355278,7.243033103,8.578436655,-8.494507167,red
-41887.49716,2.873769081,0.144341128,8.193740989,-19.79574788,red
-43102.08239,1.56478472,-6.842766402,5.530161009,-14.29763042,red
-44325.63594,0.119103845,-13.11974743,1.571262906,4.722910178,red
-45556.04692,-1.438979546,-18.16508121,-2.317401103,20.66122585,red
-46790.98568,-3.081015907,-21.57870331,-4.819881288,18.2007216,red
-48027.88886,-4.774947797,-23.11408876,-5.12100769,-1.316246709,red
-49263.94356,-6.485757042,-22.69546358,-3.232052048,-19.58092313,red
-50496.07072,-8.176198368,-20.41908765,-0.027232765,-18.65266663,red
-51720.90767,-9.807607833,-16.53908426,3.073063841,0.418815536,red
-52934.78967,-11.34077455,-11.43969407,4.679275792,17.96886217,red
-54133.73069,-12.73686424,-5.59699577,4.034305457,16.19736117,red
-55313.40308,-13.95838181,0.466050888,1.3674667,-1.934899427,red
-56469.11636,-14.97015522,6.226987575,-2.170857907,-16.42321592,red
-57595.7949,-15.74031985,11.20939455,-4.987852855,-12.45768932,red
-58687.9546,-16.24128055,15.02264639,-5.748832356,3.975465569,red
-59739.67839,-16.45062838,17.39260563,-3.99403602,14.25833963,red
-60744.59066,-16.35198693,18.18091151,-0.379622699,8.517459634,red
-61695.83037,-15.9357573,17.39167348,3.597139202,-4.727351479,red
-62586.02305,-15.19972384,15.16558503,6.279118969,-10.38117023,red
-63407.25131,-14.14948076,11.76256258,6.604190297,-4.370356438,red
-64151.02408,-12.79864507,7.534873204,4.545269391,3.787557186,red
-64808.24425,-11.16883219,2.893340522,1.020991095,4.500362625,red
-65369.17492,-9.289380613,-1.730350117,-2.630048328,-0.425738544,red
-65823.40388,-7.19681946,-5.92198666,-5.280485562,-2.115171264,red
-66159.80651,-4.934076906,-9.320523679,-6.400052962,2.362142777,red
-66366.50683,-2.549437076,-11.64815218,-6.057066219,5.830836308,red
-66430.83666,-0.095272174,-12.73240627,-4.666989835,1.001289044,red
-66339.29292,2.373404042,-12.51875509,-2.71887053,-8.512678411,red
-66077.49285,4.800506037,-11.07289133,-0.612198866,-10.95457969,red
-65630.12714,7.130512903,-8.572664106,1.398207676,-0.781869069,red
-64980.91091,9.3101128,-5.29039182,3.190894735,12.70282259,red
-64112.53239,11.28979265,-1.567094893,4.717632563,14.32607603,red
-63006.59937,13.02531114,2.219144259,5.916279396,0.665236737,red
-61643.58311,14.47900026,5.688018944,6.644247124,-14.49503528,red
-60002.75996,15.62085449,8.492124136,6.687275796,-14.741431,red
-58062.1502,16.42938057,10.34940663,5.848251915,0.290879557,red
-55798.45446,16.8921831,11.07000347,4.035535552,14.03906351,red
-53186.9873,17.00626108,10.57480959,1.284359235,11.76690022,red
-50201.60814,16.77799893,8.903794177,-2.247745741,-2.602726493,red
-46814.64928,16.2228492,6.21304734,-6.233687071,-11.68951536,red
-42996.84122,15.36471944,2.760662957,-10.07349948,-5.725994737,red
-38717.2349,14.23509162,-1.117290382,-12.84159574,6.193799639,red
-33943.12112,12.87191188,-5.038490926,-13.44258315,8.247148778,red
-28639.94689,11.31829046,-8.610846216,-11.03415653,-2.017520199,red
-5.81E-08,-5.81E-08,-6.06E-07,-0.000144129,-0.000472607,blue
-2.45E-08,-1.80E-08,9.27E-08,0.000292714,0.002557476,blue
4.43E-06,4.45E-06,4.68E-05,0.011162889,0.032451135,blue
3.72E-05,3.67E-05,0.000361742,0.065013623,0.089330919,blue
0.00017377,0.000168707,0.001554575,0.201966816,0.016715658,blue
0.000584623,0.000556155,0.004734054,0.395546749,-0.379631086,blue
0.001578344,0.001464452,0.011321335,0.477291706,-0.735772763,blue
0.003638177,0.003275374,0.022534445,0.187486975,-0.047823907,blue
0.00745512,0.006476769,0.038727621,-0.606197003,1.823807118,blue
0.013961996,0.011639818,0.058824445,-1.67609757,2.697144315,blue
0.024366697,0.019383182,0.079994558,-2.426271146,-0.047564463,blue
0.040181922,0.030323493,0.097675893,-2.186107786,-5.003481422,blue
0.063251096,0.045015186,0.106013144,-0.645595697,-6.177236465,blue
0.095765181,0.063878596,0.098650065,1.829806947,0.1991404,blue
0.140260958,0.087112406,0.069714856,4.226301254,9.03474854,blue
0.199597117,0.114594166,0.014886359,5.318642577,10.22972412,blue
0.276913522,0.14578334,-0.067493157,4.337184468,0.474787735,blue
0.375581261,0.179644041,-0.175328876,1.479278186,-11.42590462,blue
0.499144912,0.214597214,-0.301920113,-2.095599697,-13.37810429,blue
0.651253698,0.248505525,-0.435628508,-4.836963299,-3.033078162,blue
0.835580911,0.278694961,-0.560273075,-5.610395347,10.00467407,blue
1.055735151,0.302019193,-0.656317808,-4.262546394,14.34006739,blue
1.315167333,0.314970434,-0.702807194,-1.639205955,7.207173375,blue
1.617075128,0.313834966,-0.679918722,0.912481865,-4.76888374,blue
1.964306702,0.294888559,-0.571883554,2.258825945,-12.46935547,blue
2.35926861,0.254626958,-0.36989958,2.032839291,-10.97824739,blue
2.803844403,0.190025281,-0.074602957,0.753918291,-1.912724873,blue
3.299330095,0.098816876,0.30230635,-0.525583643,8.152691455,blue
3.846391714,-0.020221473,0.737597257,-0.839981536,11.9445928,blue
4.445050105,-0.16699313,1.197386553,0.145425975,6.767587885,blue
5.094695186,-0.339833404,1.639367257,1.945834098,-3.005009214,blue
5.794125041,-0.535315842,2.016170603,3.501689455,-9.386499207,blue
6.541603815,-0.748138792,2.279536369,3.734797777,-7.735589541,blue
7.334935758,-0.971110677,2.384951654,2.153831217,-0.606722836,blue
8.171552956,-1.195246911,2.296383212,-0.804486499,5.17858754,blue
9.04861199,-1.409987412,1.990684295,-3.905862916,5.139708204,blue
9.963094196,-1.603536999,1.46126225,-5.682874769,0.922241891,blue
10.91190617,-1.763321249,0.720652671,-5.154240648,-2.193135597,blue
11.89197836,-1.876541685,-0.198289737,-2.336016426,-1.201272906,blue
12.90035973,-1.930807068,-1.242805277,1.710774323,1.632099472,blue
13.93430787,-1.914810727,-2.342372431,5.324496112,1.882045189,blue
14.99137298,-1.819020282,-3.412606313,6.965926463,-1.500868784,blue
16.06947301,-1.636345386,-4.360825998,5.879393359,-4.721795394,blue
17.16695491,-1.362750431,-5.093064661,2.397200725,-3.508149347,blue
18.28263395,-0.99778305,-5.522141728,-2.228109334,1.741719295,blue
19.41580323,-0.54499133,-5.576216168,-6.350933237,6.067414419,blue
20.56620957,-0.01220151,-5.207020729,-8.554074762,5.213376272,blue
21.73399937,0.588374425,-4.396817462,-8.101407775,0.014025524,blue
22.91964401,1.240231166,-3.163106726,-5.092952125,-4.821695429,blue
24.1238561,1.922884309,-1.560323608,-0.358581407,-5.614155562,blue
25.3475042,2.612413437,0.321876892,4.79217398,-2.632867007,blue
26.59152815,3.282222401,2.363703079,8.873582393,1.396225128,blue
27.8568526,3.903988943,4.423249851,10.56521316,4.263564455,blue
29.14429774,4.448765667,6.346777379,9.098635585,5.098435051,blue
30.4544876,4.888187356,7.980399548,4.614610473,3.340398169,blue
31.78775893,5.195734846,9.182255042,-1.685332582,-1.171861791,blue
33.14407313,5.348000933,9.834199393,-7.775532316,-6.45447289,blue
34.52293305,5.3259003,9.852079787,-11.46297247,-8.181774275,blue
35.92330951,5.11576955,9.1938015,-11.24320915,-3.239873813,blue
37.34358754,4.710310783,7.864586685,-6.97558204,5.875689762,blue
38.78154029,4.10933525,5.918967256,-0.054757077,11.48214916,blue
40.23433323,3.32026392,3.45917757,7.027833277,7.492238849,blue
41.69855427,2.358343963,0.629796868,11.58690181,-3.599243117,blue
43.17026292,1.246548552,-2.391214524,11.78017165,-11.80467766,blue
44.64505069,0.015140042,-5.404589472,7.376965541,-9.270220925,blue
46.11810556,-1.299107213,-8.204083057,-0.065924493,1.321603507,blue
47.58427825,-2.654006878,-10.59186623,-7.723979821,9.328669008,blue
49.03815137,-4.003346828,-12.39361337,-12.55918717,7.405652351,blue
50.47411158,-5.29851134,-13.47194038,-12.52941175,-1.035534799,blue
51.88642423,-6.490277625,-13.73701929,-7.466800879,-6.306011001,blue
53.26931171,-7.530713949,-13.15346105,0.775840599,-3.353926535,blue
54.61703724,-8.375099644,-11.74292406,9.019016683,3.225601017,blue
55.92399253,-8.983788232,-9.582362729,14.01782312,5.12304684,blue
57.18478339,-9.323940028,-6.798266957,13.75988245,-0.040844143,blue
58.39430552,-9.371055966,-3.557567372,8.262972915,-6.192195631,blue
59.54780345,-9.110249961,-0.056072774,-0.440702902,-5.902266408,blue
60.64090936,-8.537201861,3.494636378,-9.102621457,1.117924206,blue
61.66966172,-7.65874106,6.88094081,-14.50675228,7.602526052,blue
62.63050505,-6.49302327,9.900657722,-14.68350084,6.69481682,blue
63.52027473,-5.069275716,12.37546796,-9.623705683,-0.600805421,blue
64.33617475,-3.427099991,14.16162209,-1.229096847,-6.676896559,blue
65.07575644,-1.615339929,15.15834785,7.45194085,-5.72719661,blue
65.73690213,0.309454354,15.31344057,13.36819026,0.229204386,blue
66.31781058,2.284910039,14.62561029,14.53493274,4.335545104,blue
66.81697985,4.244989376,13.1433878,10.66729343,3.008116615,blue
67.23318699,6.122339711,10.96072379,3.216470317,-0.612479941,blue
67.56546877,7.850749782,8.209744636,-5.159291048,-1.608982693,blue
67.81310966,9.367622389,5.051354194,-11.514773,0.232792182,blue
67.97564005,10.61636838,1.66446571,-13.65114,0.906359243,blue
68.05284558,11.54862596,-1.765324679,-10.91488635,-1.388624137,blue
68.04478755,12.12621411,-5.056827499,-4.446088359,-3.097975713,blue
67.95183459,12.32273878,-8.043379295,3.260857536,-0.290887283,blue
67.77470704,12.12478425,-10.58137404,9.339697921,4.854324763,blue
67.51453186,11.53263486,-12.5567904,11.67359835,5.540345664,blue
67.17290132,10.56048548,-13.88953269,9.674907606,-0.938958158,blue
66.75192542,9.236116688,-14.5355823,4.411650005,-8.295069897,blue
66.25427027,7.600035164,-14.48704485,-1.919180888,-7.549103166,blue
65.68318008,5.704107989,-13.77021791,-6.897263782,2.00763453,blue
65.04248277,3.609743216,-12.44188944,-8.78651077,10.61765252,blue
64.33658138,1.385690689,-10.58417419,-7.115840013,8.490750387,blue
63.57044033,-0.894440918,-8.298246656,-2.746646786,-2.660698457,blue
62.74957908,-3.154840027,-5.697420047,2.545672047,-10.97564334,blue
61.88008444,-5.320206862,-2.900156121,6.760166076,-7.754133846,blue
60.96864627,-7.318418867,-0.023699049,8.346394798,2.86026818,blue
60.02261254,-9.083052517,2.820959154,6.649844721,9.18140374,blue
59.05005435,-10.55568013,5.532261872,2.055351352,5.528651586,blue
58.05983288,-11.68786858,8.019284549,-4.124708114,-2.289858085,blue
57.06166287,-12.44281637,10.20123319,-9.960925303,-5.325177074,blue
56.06616825,-12.79657761,12.005891,-13.39143815,-2.259589914,blue
55.08492918,-12.7388328,13.36791343,-12.82907789,0.817625352,blue
54.13052095,-12.2731819,14.22791083,-7.76408961,-0.135814704,blue
53.21653884,-11.41695788,14.53303621,0.838806454,-1.904026408,blue
52.35759903,-10.20058013,14.23946165,10.5879845,0.447751798,blue
51.56930492,-8.666482669,13.31676246,18.29839615,5.617075119,blue
50.86816313,-6.867670592,11.75378344,21.07923781,6.734336749,blue
50.27142386,-4.865977424,9.565134135,17.46939046,0.114187372,blue
49.79682094,-2.730102337,6.797273289,8.150230118,-8.849579994,blue
49.46220164,-0.533492687,3.533255404,-4.073488112,-10.53185388,blue
49.28505006,1.647875443,-0.104651855,-15.10532169,-2.043529785,blue
49.28189495,3.737753756,-3.955378641,-21.04941678,8.314363795,blue
49.46757048,5.66182913,-7.823450423,-19.86897314,9.771423494,blue
49.8543075,7.349810919,-11.48777831,-12.36841947,2.102507395,blue
50.45068469,8.737386779,-14.71416274,-1.777828045,-3.763346305,blue
51.26051859,9.768089809,-17.27002283,7.949075357,-0.737234125,blue
52.28178101,10.39512412,-18.93990484,14.04439978,3.079859287,blue
53.50561159,10.58316165,-19.54090493,15.79463811,-4.467489945,blue
54.9154726,10.31008296,-18.93765046,13.96003005,-17.85056976,blue
56.48647795,9.568601205,-17.05665514,9.44750124,-14.61226586,blue
58.1849197,8.367682325,-13.89966519,2.439348659,14.24153596,blue
59.96800828,6.73365785,-9.555134721,-7.265944217,42.32056728,blue
61.78383348,4.710913175,-4.20643663,-18.97340096,31.29043958,blue
63.57153928,2.362026427,1.865016286,-29.96819173,-20.28333599,blue
65.26169583,-0.232761354,8.28380143,-35.66218158,-63.8018709,blue
66.77684639,-2.976842534,14.59364358,-31.3343344,-48.8071425,blue
68.03220588,-5.759368574,20.28113581,-14.72599175,17.7158185,blue
68.93648633,-8.458225583,24.81039772,11.91140615,72.05064961,blue
69.3928234,-10.94383204,27.66755976,41.59583727,59.41166921,blue
69.29977698,-13.08368124,28.41223211,64.64296642,-7.399772173,blue
68.55237409,-14.74750488,26.73138953,72.22718457,-62.31262303,blue
67.04316231,-15.81288701,22.48977583,59.96994083,-56.0697265,blue
64.66324636,-16.17111189,15.77026542,29.97640499,-3.558830226,blue
61.30328247,-15.73299536,6.897720287,-9.617808688,39.62148744,blue
56.85440682,-14.43442757,-3.559123106,-47.45104463,38.28076981,blue
51.20907553,-12.24134648,-14.81132702,-72.93936097,7.260609333,blue
44.26179552,-9.153867424,-25.89997077,-79.8451414,-15.62504422,blue
35.90972809,-5.209312899,-35.77080836,-68.02082891,-13.60659586,blue
26.05315206,-0.483917845,-43.36806738,-42.78169822,-1.529704549,blue
14.59577805,4.906970215,-47.73920592,-12.38709892,0.676379862,blue
1.44491386,10.81032455,-48.14025868,15.15920894,-6.760986408,blue
-13.48851162,17.03857194,-44.13029606,34.63248093,-8.549509068,blue
-30.29005749,23.37441409,-35.64377892,44.52137837,2.311858468,blue
-49.04201116,29.57724007,-23.03124696,46.27039637,14.85477552,blue
-69.8237608,35.39094982,-7.061555352,42.53450409,14.68909251,blue
-92.71229768,40.55293846,11.11750501,35.52285852,1.942687127,blue
-117.7828424,44.80393025,30.05917908,26.2584219,-10.08366876,blue
-145.1095828,47.8983039,48.13297739,14.93029551,-11.56250128,blue
-174.7665081,49.61451694,63.66581644,1.856191615,-5.753647544,blue
-206.8283214,49.76521213,75.09642022,-11.73133627,-1.240083137,blue
-241.3714203,48.20658096,81.1282185,-23.64820124,0.264480092,blue
-278.4749304,44.84657048,80.86537436,-31.50257696,3.812462604,blue
-318.2217805,39.65155082,73.91759952,-33.7480664,10.55349169,blue
-360.6998067,32.6511078,60.46199613,-30.40847563,12.90194166,blue
-406.0028748,23.94068737,41.25406711,-23.05834869,3.645329395,blue
-454.2320109,13.68189412,17.58488624,-14.08395942,-12.45635848,blue
-505.4965386,2.100328354,-8.813306788,-5.648250612,-20.74658635,blue
-559.9152164,-10.51905937,-35.90558225,1.104454126,-11.82977234,blue
-617.6173665,-23.83900881,-61.52466712,6.262547688,7.474024762,blue
-678.7439725,-37.47919479,-83.55751536,10.73090101,20.1275374,blue
-743.4487374,-51.02740024,-100.1307327,15.39601292,15.42695354,blue
-811.899092,-64.05226653,-109.7774919,20.30159584,-1.067315848,blue
-884.2771488,-76.11719783,-111.5701949,24.31794012,-13.69538584,blue
-960.7805901,-86.79494141,-105.2063446,25.54255316,-12.22938527,blue
-1041.623484,-95.68233124,-91.03956645,22.25972729,-1.063926391,blue
-1127.037014,-102.4146599,-70.05289021,13.98614837,6.973335091,blue
-1217.270112,-106.6791408,-43.77682655,2.05498662,4.84946845,blue
-1312.58996,-108.226946,-14.16001818,-10.63350008,-2.232216851,blue
-1413.282371,-106.8833655,16.5952074,-20.67728449,-4.467494187,blue
-1519.652042,-102.5557092,46.21674887,-25.59495556,0.825645992,blue
-1632.022725,-95.23866656,72.54891519,-24.87165574,7.073268557,blue
-1750.737308,-85.01691863,93.7241061,-20.00812983,6.966695717,blue
-1876.15784,-72.0648751,108.3053126,-13.50714575,0.244779064,blue
-2008.665494,-56.64350735,115.3880526,-7.414442776,-7.576305905,blue
-2148.660475,-39.09434798,114.6544554,-2.332907444,-11.27656039,blue
-2296.56191,-19.83082836,106.376818,2.501853206,-8.595592158,blue
-2452.807703,0.672786442,91.37263778,8.20317312,0.486195209,blue
-2617.854391,21.89452798,70.91738822,14.98208374,12.61935953,blue
-2792.176999,43.2795177,46.62474883,21.49668033,19.37193608,blue
-2976.268899,64.25596514,20.30628617,25.23757894,11.94465791,blue
-3170.641674,84.25187007,-6.176408738,23.75564967,-8.257487949,blue
-3375.825008,102.7119049,-31.05431665,16.06882522,-25.73744613,blue
-3592.366588,119.1139487,-52.77683974,3.485699278,-23.16458833,blue
-3820.832019,132.9847582,-70.11169261,-10.61790176,0.001583583,blue
-4061.804755,143.9142885,-82.21255813,-22.00850304,23.90240014,blue
-4315.886034,151.5682165,-88.65156846,-27.26091873,26.7472972,blue
-4583.694817,155.6982691,-89.41700919,-25.13003701,6.880247543,blue
-4865.867742,156.1500229,-84.87958445,-16.99425781,-15.78638452,blue
-5163.059101,152.8679287,-75.7328712,-6.159752463,-20.79865239,blue
-5475.940813,145.8973994,-62.91515606,3.631588877,-7.482060515,blue
-5805.202433,135.3838912,-47.5207048,9.746207463,7.154526157,blue
-6151.551182,121.568999,-30.70857057,11.527442,8.912763942,blue
-6515.712004,104.7836809,-13.61630165,10.17238515,1.067885588,blue
-6898.427676,85.4388269,2.715406565,7.81034348,-2.814369065,blue
-7300.458945,64.01347323,17.40273785,6.319710717,2.652168597,blue
-7722.584702,41.04104506,29.76087392,6.459647615,8.301491914,blue
-8165.602172,17.09407141,39.3273098,7.654225924,3.389300011,blue
-8630.327126,-7.23214011,45.86695341,8.426761426,-9.218732784,blue
-9117.594099,-31.33635363,49.36082753,7.214066629,-15.20221884,blue
-9628.256612,-54.62825237,49.98114713,3.182855097,-5.952396138,blue
-10163.18738,-76.54476026,48.05616502,-3.28997635,10.23042421,blue
-10723.27848,-96.56534138,44.02843462,-10.66463489,16.70138175,blue
-11309.44157,-114.2258221,38.41013194,-16.77867637,6.98857814,blue
-11922.60793,-129.1303351,31.73886124,-19.64194395,-8.228916773,blue
-12563.72858,-140.961053,24.5369585,-18.16262782,-13.41683522,blue
-13233.77429,-149.4854558,17.27676434,-12.53045899,-5.060685234,blue
-13933.7355,-154.5609614,10.35370132,-4.136344248,6.005219605,blue
-14664.62219,-156.1368371,4.068342002,4.916862657,8.116607735,blue
-15427.46367,-154.2533908,-1.382009893,12.50922728,1.362291433,blue
-16223.30821,-149.0385355,-5.902441511,17.11817962,-4.756769265,blue
-17053.22259,-140.7019037,-9.491168446,18.13236295,-3.666177637,blue
-17918.29158,-129.5267654,-12.22334992,15.82190575,1.660822153,blue
-18819.61721,-115.8600633,-14.22986082,11.07411624,4.180561843,blue
-19758.31795,-100.1009308,-15.6731501,5.064419139,1.597148372,blue
-20735.52778,-82.6880878,-16.72239279,-1.007160184,-2.251159265,blue
-21752.39503,-64.08652808,-17.53009873,-6.086034987,-3.260347114,blue
-22810.08114,-44.77392195,-18.21222358,-9.397000092,-1.594584752,blue
-23909.75909,-25.2271572,-18.83360217,-10.59112488,0.111664623,blue
-25052.61179,-5.90942227,-19.4000704,-9.850507778,0.990174742,blue
-26239.83011,12.74180104,-19.85798945,-7.8316451,2.281816187,blue
-27472.61073,30.3255127,-20.10119339,-5.407207651,3.807125964,blue
-28752.15369,46.48646333,-19.98472248,-3.312013096,2.69646131,blue
-30079.65967,60.92269623,-19.34408816,-1.875519745,-2.513347624,blue
-31456.32694,73.3912019,-18.01823967,-0.968669553,-7.782833929,blue
-32883.34795,83.71158995,-15.87393783,-0.167612869,-6.567940142,blue
-34361.90563,91.76774752,-12.82898371,0.965849331,2.008862049,blue
-35893.16924,97.50751667,-8.871729669,2.628877728,10.13337582,blue
-37478.28989,100.9404865,-4.074500602,4.668551351,8.954544471,blue
-39118.39562,102.1340669,1.401106697,6.684062936,-1.009692333,blue
-40814.58593,101.208082,7.308522756,8.289290239,-9.629854241,blue
-42567.92583,98.32816863,13.33052125,9.310752974,-8.556910437,blue
-44379.43928,93.69826516,19.10245993,9.672886017,-0.641163827,blue
-46250.10189,87.5524657,24.24193661,9.016689023,4.782257254,blue
-48180.83311,80.14650258,28.38150808,6.472509832,4.371954591,blue
-50172.4876,71.74911941,31.20091893,1.02491101,3.517526926,blue
-52225.84606,62.63359114,32.4555751,-7.542988235,5.560664594,blue
-54341.60515,53.06963724,31.998638,-17.70462139,4.361284873,blue
-56520.36677,43.31595327,29.79492021,-26.04968869,-6.481775244,blue
-58762.62645,33.61354875,25.92556105,-28.40721967,-19.59808768,blue
-61068.76095,24.18003258,20.58323814,-21.90847249,-17.48510539,blue
-63439.01498,15.20494622,14.05854171,-6.914360008,5.868858776,blue
-65873.48708,6.84622604,6.719136896,12.44213824,31.85196537,blue
-68372.11453,-0.772135726,-1.015874243,29.66336391,32.68101836,blue
-70934.65722,-7.56119183,-8.703786375,38.62961331,1.488060879,blue
-73560.68054,-13.46690818,-15.90602873,36.23995853,-36.371497,blue
-76249.53703,-18.46885055,-22.21404016,23.60374388,-45.39032279,blue
