lowAlpha,highAlpha,lowBeta,highBeta,lowGamma,highGamma,delta,theta,meditation,attention
39238,7730,10527,32044,22951,7285,639434,158213,0,0
8718,23177,12042,26877,11266,4846,178397,263324,37,51
7412,3583,2845,1616,1699,568,518140,15578,60,56
7412,3583,2845,1616,1699,568,518140,15578,60,56
22920,12061,10288,19841,14174,9872,46713,52879,100,83
36642,22165,13456,8207,27691,2759,113584,18323,100,78
7822,2808,4412,2425,1092,657,326191,19993,84,77
7822,2808,4412,2425,1092,657,326191,19993,84,77
5510,4604,8240,3836,11448,1222,438877,73189,38,81
40179,20080,8579,22029,6496,16239,182502,63625,47,78
3796,7331,7343,12119,2915,1623,795153,20287,54,80
49973,4711,6092,6988,11520,4250,589896,82874,54,74
49973,4711,6092,6988,11520,4250,589896,82874,54,74
16687,31621,14011,8614,5462,2588,1859692,146062,83,61
34788,22432,15092,7183,22069,6693,152996,198324,47,54
7306,25008,15616,14037,51648,13717,1021965,87113,57,67
8991,9254,3039,11570,7464,4540,589622,226432,47,61
8991,9254,3039,11570,7464,4540,589622,226432,47,61
88626,15211,13429,14237,12170,7464,768399,72987,77,77
88626,15211,13429,14237,12170,7464,768399,72987,77,77
54145,8865,68966,19867,18385,6178,186042,453169,34,57
122456,73651,75774,25641,18362,8167,1411550,197801,41,60
6771,26725,6496,6642,5805,1598,425798,85213,60,63
17375,4957,3634,3213,2912,578,261370,46570,61,40
5783,4285,8734,6557,1306,4578,102352,21786,47,60
5783,4285,8734,6557,1306,4578,102352,21786,47,60
8818,2191,5668,6562,3997,708,81972,52009,56,74
33834,6374,14025,17490,10602,1806,900862,61768,67,60
12601,14222,4002,6009,5530,1636,54459,33101,83,61
35573,16208,11444,10912,9445,3851,15428,66726,87,66
191805,99263,59704,8801,11426,5653,738063,643434,61,40
4372,12376,2967,10298,6967,4826,532893,38991,30,41
4372,12376,2967,10298,6967,4826,532893,38991,30,41
41646,11771,10856,13967,5364,3710,214361,140545,74,69
41935,166098,36158,35755,13901,9433,2182028,586012,57,60
15514,6948,23514,14110,7894,5148,435545,123126,60,63
15514,6948,23514,14110,7894,5148,435545,123126,60,63
15514,6948,23514,14110,7894,5148,435545,123126,60,63
4179,5496,6311,4674,3149,1942,136991,12158,75,96
30600,43928,35407,9956,17199,3895,804416,403357,70,78
25652,28363,7557,13725,7199,8707,743857,47941,69,60
4224,12738,4524,11005,8359,7507,511920,16584,87,80
22544,2495,30152,16553,17374,7983,366467,304091,61,74
20932,10427,6416,9967,8704,2226,245020,55332,51,63
40430,16700,13097,16541,7077,4638,462498,70207,74,69
1790,6327,5975,4720,3286,2883,998797,52867,53,80
1790,6327,5975,4720,3286,2883,998797,52867,53,80
3987,3725,1294,2258,1556,752,147883,25700,60,67
3987,3725,1294,2258,1556,752,147883,25700,60,67
3987,3725,1294,2258,1556,752,147883,25700,60,67
5505,7501,3261,7065,6085,1106,78975,5725,61,88
8439,6410,12697,25529,14044,6255,337347,94330,54,100
62024,31442,33213,21491,15622,4508,48346,380468,51,90
26256,14584,7189,3811,1597,842,1336666,184473,51,90
16664,17289,12487,10529,6757,1405,248435,60287,54,80
19505,9733,20610,15846,10204,2408,259098,141742,70,66
26880,14018,25937,7627,2534,1720,659648,127423,53,63
36117,42672,25608,25134,14232,2514,1613952,37114,63,66
33931,11067,4264,3693,3761,993,1573066,149988,70,50
29899,22764,44573,28363,9348,1579,554563,99198,74,69
38351,66379,11556,31446,14904,8694,1942122,93786,67,87
5524,13287,6806,5882,3696,1170,1288156,54509,57,77
5524,13287,6806,5882,3696,1170,1288156,54509,57,77
7984,26803,10936,10489,2780,643,912625,64550,69,56
28134,57646,66578,48416,12563,5720,384092,80229,54,77
9115,19555,10571,10085,4522,1547,84796,124644,48,80
43417,55134,38311,70877,26278,5208,2558107,235777,51,66
2883,4480,4807,2591,5372,2256,1878475,29502,51,67
146911,47663,84147,29603,24232,3420,397506,241375,60,57
25059,23274,15939,13731,4387,4087,168049,90947,60,53
7861,6565,1977,5279,717,179,135911,44224,61,66
7861,6565,1977,5279,717,179,135911,44224,61,66
9940,12674,6844,3601,1121,427,286379,13438,67,66
9940,12674,6844,3601,1121,427,286379,13438,67,66
9940,12674,6844,3601,1121,427,286379,13438,67,66
9381,6300,3164,3464,2282,1561,771018,5120,90,53
12245,7954,18907,8581,2335,1968,537806,57488,90,81
12245,7954,18907,8581,2335,1968,537806,57488,90,81
12245,7954,18907,8581,2335,1968,537806,57488,90,81
7152,32330,52500,26332,18961,11244,1508524,448913,4,48
241595,25227,69639,103554,51744,6525,79983,1198248,27,50
241595,25227,69639,103554,51744,6525,79983,1198248,27,50
33908,5990,9522,10993,4752,2233,237948,214619,43,66
9480,160006,53904,17399,25023,5474,1405992,309442,43,53
73866,38187,36860,31473,32145,7202,2942875,309970,70,66
70019,19169,56835,29880,13736,3277,1632869,218715,66,75
22230,52156,105722,38333,21426,20825,1127242,973622,40,51
30755,23226,123965,77815,46401,23839,1612888,421132,37,61
21070,8401,12056,4681,5012,7837,894588,43366,41,51
21070,8401,12056,4681,5012,7837,894588,43366,41,51
5726,5197,3020,1803,1630,255,105860,8960,63,60
5726,5197,3020,1803,1630,255,105860,8960,63,60
5726,5197,3020,1803,1630,255,105860,8960,63,60
73411,6684,63316,30329,17630,19115,949014,803156,63,63
73411,6684,63316,30329,17630,19115,949014,803156,63,63
31654,9962,15250,32587,7585,2852,676119,275173,34,60
1298,11109,4265,7594,1405,461,68726,17781,38,70
17218,47960,44144,120051,30398,5886,1798210,150079,57,90
17218,47960,44144,120051,30398,5886,1798210,150079,57,90
116476,57344,147069,65202,11652,10298,2644115,482428,50,70
33822,9865,14912,14028,10514,4980,333781,38472,74,64
90245,34383,11126,17517,8944,6091,1111052,76937,70,80
90245,34383,11126,17517,8944,6091,1111052,76937,70,80
1755,2772,1354,3192,884,627,76870,30201,81,64
17932,22737,18692,23725,19145,4228,2791091,59775,61,66
38363,10357,29620,11940,17770,14658,788180,23704,61,64
35128,48926,35068,23434,17460,21927,1215075,215980,74,83
6945,11834,9665,8532,9670,1708,316883,73794,37,70
36239,13716,110075,42566,36283,48404,2318842,1037531,21,50
25374,8998,5631,6071,7439,4866,253918,49213,48,50
6907,32935,24857,12117,7051,3374,543629,48008,74,61
6907,32935,24857,12117,7051,3374,543629,48008,74,61
16627,3980,7260,6366,10394,3605,344138,85030,53,63
3719,2478,8120,2679,4150,969,525960,19258,50,60
57594,68564,33409,27014,12742,3222,1182753,80511,74,69
100473,28093,9522,42512,38498,25812,131518,152508,74,69
10227,32388,33826,6368,2102,4566,722022,258107,60,57
491443,29057,95828,69829,63763,14188,273246,270467,78,60
9442,36273,14890,10339,9353,7335,3089599,129718,77,51
9442,36273,14890,10339,9353,7335,3089599,129718,77,51
45789,53894,20008,4673,4712,4607,889924,206190,70,35
55217,7604,13653,17089,8709,5592,612502,136295,60,38
55217,7604,13653,17089,8709,5592,612502,136295,60,38
2807,21764,7469,3133,3266,853,317720,39354,44,50
24612,3716,4550,6113,4412,1436,298913,84476,78,56
36824,51231,62360,44860,13467,4114,1327807,138656,50,61
1193,1399,1619,1878,3095,330,110927,16223,27,57
8160,812,9560,5021,2631,2470,160377,10542,40,63
8160,812,9560,5021,2631,2470,160377,10542,40,63
9372,3868,4386,14375,3889,1801,938135,136628,54,75
5795,11422,36536,46432,28538,10120,1725996,82596,23,74
9681,9048,1506,6738,2076,2253,133957,31765,54,64
74069,35692,4734,16847,7505,4436,171831,141891,67,61
48702,56051,27588,10054,11893,3972,1528754,55411,69,64
8579,8429,20949,5022,5736,2109,481531,45158,64,50
8579,8429,20949,5022,5736,2109,481531,45158,64,50
31346,15468,9538,8428,6436,2852,341919,116203,41,51
68677,40024,62852,22737,30622,4416,1777610,64620,66,50
22654,82840,61026,41286,66497,17586,2577910,125543,96,83
12404,7712,7705,1450,599,371,174895,31621,93,67
13916,34679,13086,12887,5749,4973,444606,138012,84,51
13916,34679,13086,12887,5749,4973,444606,138012,84,51
83444,80800,31569,18571,15127,4156,460994,137758,69,69
8562,34440,44993,36961,10092,5277,428074,83150,80,78
109124,32033,29779,42512,9885,5077,1535423,167317,81,77
16405,83887,31554,19563,13810,4578,337673,172325,74,60
16405,83887,31554,19563,13810,4578,337673,172325,74,60
9946,28991,8145,30463,9945,3374,290972,86955,61,70
40929,41480,47543,16573,5538,2180,1467145,171519,54,67
45976,3654,36504,26130,7057,3957,42889,94593,70,67
10187,5093,10442,7040,4553,1619,1538687,72046,64,60
28660,9008,16859,2829,2770,1108,496044,66165,57,47
8486,26533,27355,14902,8269,5128,850397,91527,60,40
91082,20074,9007,12993,7176,1424,635832,37503,80,63
91082,20074,9007,12993,7176,1424,635832,37503,80,63
17686,18381,25559,14961,5756,2870,109265,170602,69,50
69332,18142,27069,4986,10125,2253,55885,128495,60,30
7416,36479,42205,12543,4355,1899,205247,86051,70,44
11105,55440,10826,9612,6393,1333,336532,105471,77,54
22681,63916,9986,19145,4819,1201,105072,23138,87,67
68187,18390,34381,9254,4603,2885,40820,43009,90,74
6836,1015,4102,3876,2799,916,103670,22145,61,69
50604,29553,18523,16098,10640,4351,527711,253277,47,54
7789,5217,15001,16588,10284,5380,49158,136491,43,54
57353,36857,18144,8210,7345,3884,146220,81868,63,80
9608,17072,13323,27537,7647,4539,118080,50375,67,94
23449,16262,10071,19420,8818,6373,372695,99956,66,81
18881,6494,12561,10659,8318,2613,1102964,9759,70,88
13799,15404,6267,3960,6054,4381,737681,77083,70,69
31493,44205,34077,13654,41493,7842,782295,144605,80,64
10276,27661,8173,16400,6073,9019,364939,27693,83,60
19349,10270,8056,15424,15345,14134,355797,77785,74,83
18193,13970,11298,6784,8026,2218,1596,18996,70,90
2439,3210,8179,7015,12688,7032,16342,9254,70,100
41040,27343,6804,6409,6152,3642,46932,55174,70,97
977,9517,6279,11806,7231,1845,17258,16700,91,84
977,9517,6279,11806,7231,1845,17258,16700,91,84
21315,11998,7159,11759,3631,1043,14445,35791,77,74
10506,12193,5240,7832,2821,1572,10748,16653,77,74
8636,7118,9323,8601,6795,3163,71596,23935,70,84
12818,10969,6541,16422,5320,443,23028,7573,70,94
9265,10992,17019,6093,5996,1307,7516,8419,78,96
5456,15780,16206,8778,19698,4633,142934,21996,57,88
8295,16458,7280,6225,4246,4282,5118,17910,64,94
8295,16458,7280,6225,4246,4282,5118,17910,64,94
5788,19946,13399,13917,3666,3920,24125,58948,74,80
3915,18853,7538,7617,8790,1467,36169,24929,57,81
4123,4547,1747,5672,2172,7001,79849,12198,61,100
7832,6218,7054,2183,1418,676,88422,34101,53,94
27030,22741,73321,65739,13229,12826,867055,216832,47,83
9815,13090,13725,5087,9096,4318,232605,96493,41,74
26354,26792,21638,21132,28345,19780,173577,67398,63,67
5352,8883,11880,17759,24508,6154,140047,59677,66,80
8586,30812,8256,7825,3815,3045,51821,129949,47,75
19813,15384,44848,19498,9246,5975,31000,10896,54,90
3375,3902,6200,21991,10610,7582,28471,20803,51,100
28597,25518,27029,5050,4773,1774,20570,12064,64,77
28208,9898,5818,8236,1739,1648,33016,8440,80,84
25505,11034,11489,4298,3868,1112,4463,9449,97,70
5999,5170,8503,9091,1884,1928,15345,18658,75,75
4532,4365,2031,6415,2161,1101,15119,26539,51,93
13181,20113,18778,18159,6667,2679,53343,89605,57,81
19236,17166,15685,3531,3586,2323,55333,17673,69,51
6897,12415,8077,6962,2899,2306,545068,6236,87,61
34241,32806,47675,6519,3484,2096,195246,114282,91,75
12169,3019,7695,6976,3674,765,156327,46652,83,67
2762,30307,25768,21555,6140,4080,299930,30426,63,56
2762,30307,25768,21555,6140,4080,299930,30426,63,56
6772,18069,8006,5800,5382,1767,29536,27962,53,44
16627,4659,17604,14488,3774,4471,33877,15547,57,74
19165,26200,7195,16249,7237,10585,100982,44835,66,96
96217,2431,8856,10372,5516,4109,63688,52524,81,81
13799,45363,18958,8354,6728,2246,23925,16823,96,74
12487,1134,1141,3783,845,782,96836,8139,100,80
11797,22182,13446,22021,11500,3538,215201,195556,90,66
5583,10905,10566,22772,11354,17824,38626,29887,48,90
19393,30818,14326,8369,21429,7424,13097,23389,60,100
3472,31916,5496,13816,6769,4606,13381,50551,67,78
3472,31916,5496,13816,6769,4606,13381,50551,67,78
5797,7792,2825,6222,7062,4825,30752,67036,41,44
6908,17272,3312,8023,5833,2679,38422,23688,43,70
1221,21244,5821,9270,3006,3602,18151,8944,67,81
10944,55807,7040,10307,5518,1224,88137,30491,90,75
5639,7316,4829,9740,3721,2801,33822,11789,84,81
24721,12598,7542,6553,12824,5696,6313,16800,74,93
12151,20887,14534,49985,24577,11831,300492,109977,60,90
12151,20887,14534,49985,24577,11831,300492,109977,60,90
2219,24338,23482,9727,6450,18376,662902,87699,44,70
2219,24338,23482,9727,6450,18376,662902,87699,44,70
81588,55631,36749,58739,97667,34076,1762594,131796,48,56
18906,29576,18588,27006,35601,11469,241476,235896,50,69
61768,18375,16326,32072,15698,4804,64405,103502,38,67
1711,6448,11058,24732,14946,9498,522962,102915,37,87
57079,125288,56172,40413,19420,11631,453930,257593,50,84
26019,13309,70372,42345,23363,16229,909828,296593,37,81
16887,19092,16205,11708,9749,5893,10300,22033,43,88
1694,12776,6891,18475,3465,2835,11860,12645,61,100
1694,12776,6891,18475,3465,2835,11860,12645,61,100
14878,4778,10475,5069,3637,1569,937382,33932,54,80
11480,2312,2446,9655,2941,1795,12243,9627,67,78
11480,2312,2446,9655,2941,1795,12243,9627,67,78
7734,13317,11114,12412,7105,3416,1752,11000,57,81
14827,5940,11909,9109,21448,12648,618736,54011,53,60
5934,15351,23257,7613,15401,9444,356541,582182,40,56
53634,4456,26432,19927,9207,3757,276380,91697,29,53
19887,13007,22844,9587,8924,6318,21731,63234,43,63
14343,11816,12362,11605,5324,3899,739902,151849,30,51
14343,11816,12362,11605,5324,3899,739902,151849,30,51
4609,25145,18962,23326,12374,3286,44652,6086,47,69
17056,14888,44494,9488,15043,8696,1256648,106399,41,74
17056,14888,44494,9488,15043,8696,1256648,106399,41,74
19461,14401,10643,16683,6203,5705,65421,72236,43,50
26021,23831,11790,4400,6567,4936,108239,28936,63,61
3656,3018,7245,9665,5270,1953,22698,20899,41,74
1237,12506,5825,5196,2630,2292,34153,6824,43,84
21198,3384,6757,7059,2626,2438,7267,27506,63,88
21198,3384,6757,7059,2626,2438,7267,27506,63,88
12537,28844,11078,4966,3195,2531,52579,22683,69,60
16565,3850,6793,3830,1779,366,126035,44641,53,50
36796,30566,7245,15950,7874,3080,247756,134125,30,48
11567,24089,8026,7885,10065,2398,3404,24465,50,63
11064,13083,3767,8594,5281,2886,20643,57395,61,69
2665,10845,4427,5552,3308,3030,24043,27485,66,66
13681,39009,18554,5747,5709,1303,26047,21829,74,57
13512,17353,7103,6725,5016,5132,16178,33810,75,66
55949,46361,10181,8028,5768,1915,29015,45559,84,64
55949,46361,10181,8028,5768,1915,29015,45559,84,64
3521,2353,7960,13498,6138,3875,46754,47353,63,77
3334,5834,7416,15580,8498,3873,18518,28036,30,88
16330,5823,9276,14839,11958,10854,1022157,234707,16,54
14555,24221,11623,8302,10752,5760,652460,86361,29,44
9942,18275,16150,6930,9433,5042,36731,99312,34,44
61700,12295,17306,16687,11176,4292,480138,147240,57,67
13133,13653,6224,20351,14292,3367,11536,33191,56,74
131381,184641,635459,275884,135641,32514,1642445,385993,43,94
37387,19201,32794,33846,18206,12118,20772,120281,43,96
37387,19201,32794,33846,18206,12118,20772,120281,43,96
37387,19201,32794,33846,18206,12118,20772,120281,43,96
7577,44040,9713,15500,12307,7477,78507,51150,57,75
20700,12235,12702,11121,9410,3679,4121,31661,61,88
5043,12067,4373,4167,3359,2199,123640,66652,35,67
4558,23814,5128,6088,2736,2216,1694575,46509,48,44
4558,23814,5128,6088,2736,2216,1694575,46509,48,44
1838,6600,4581,5279,5434,2240,99138,13782,57,83
37202,4646,26193,20532,8057,3024,682578,80526,54,81
20967,38836,7623,14625,7592,8696,1106130,280328,43,66
20967,38836,7623,14625,7592,8696,1106130,280328,43,66
28012,11919,9312,23385,13388,3997,486653,34404,54,56
1062,21252,18452,21501,10659,4032,87375,38769,64,80
1062,21252,18452,21501,10659,4032,87375,38769,64,80
29161,8476,9538,8984,8270,3299,640889,105355,60,44
29161,8476,9538,8984,8270,3299,640889,105355,60,44
25415,9105,2982,5266,4149,1790,955981,34397,70,44
6814,39173,51526,5732,5377,3664,572904,160940,61,24
29127,42493,56232,69902,14541,4159,344488,259493,43,37
9993,27832,18326,19503,14923,8894,574254,118307,34,56
9993,27832,18326,19503,14923,8894,574254,118307,34,56
9993,27832,18326,19503,14923,8894,574254,118307,34,56
81295,62559,33688,36622,61354,3190,574584,409569,64,48
2355,10772,3643,2083,2242,1048,144043,82629,47,38
31538,45846,17656,29560,20021,8432,25535,40047,41,48
23907,22405,25965,56355,14010,9951,317900,136384,41,67
34827,6143,13437,14057,21242,3402,1443627,115270,44,54
7625,2547,5343,4408,1585,284,55159,6460,61,66
3903,15002,2285,6371,2630,2205,165577,45039,48,70
52601,94496,60965,21676,27791,6542,1009543,49242,40,44
52601,94496,60965,21676,27791,6542,1009543,49242,40,44
6437,20370,6426,6124,5247,5281,1201285,49842,51,51
7518,6734,7144,4800,2588,1230,786772,29626,43,67
25464,37828,10912,32609,16026,6774,119228,38591,63,80
25464,37828,10912,32609,16026,6774,119228,38591,63,80
2070,7208,4616,2828,1232,912,122595,15655,26,57
8703,3116,3718,2236,1313,1538,1745808,53519,35,60
61181,30662,27435,24316,6726,8831,467416,319686,48,48
61181,30662,27435,24316,6726,8831,467416,319686,48,48
21972,5715,6330,5472,7278,4851,848335,38189,47,56
12450,22248,18567,15320,20134,7356,1508385,79195,44,56
2745,817,2549,3210,1182,1145,588323,29031,30,63
8171,3790,6333,13975,4836,768,677271,34684,29,66
15120,9888,17820,13360,15882,5346,569803,207691,23,69
52975,14281,21854,11658,15813,7766,313434,41484,48,51
11534,21905,30138,17985,3022,1395,1393865,62046,48,51
6890,3486,5506,2101,2903,2068,594510,34809,47,35
15424,15060,18720,15693,13516,4628,1267165,147432,35,53
15424,15060,18720,15693,13516,4628,1267165,147432,35,53
30004,30453,30414,50466,3187,1700,276337,82197,53,70
30004,30453,30414,50466,3187,1700,276337,82197,53,70
30004,30453,30414,50466,3187,1700,276337,82197,53,70
33930,13511,45588,25615,1669,2457,2029893,255666,60,56
10027,15455,10137,14245,5655,4285,478942,88799,56,43
9912,22495,20766,28527,9900,13492,564640,96356,26,63
4796,5494,9175,15171,3505,1596,515006,68433,43,63
7602,35255,48392,35396,12911,5507,219169,94522,44,69
38531,27290,32411,51901,29539,5220,913878,110788,50,88
6579,8906,4675,4886,13318,4201,1412958,59339,44,67
22705,5827,4581,12624,5637,8986,1095042,126437,40,41
78684,18696,3810,10639,18146,1908,664350,26728,51,38
78684,18696,3810,10639,18146,1908,664350,26728,51,38
31290,49839,16189,17136,12353,13733,1725253,107211,34,51
25616,10874,3702,2489,4397,1376,346018,61574,51,50
11957,5974,9070,5346,2845,2158,853185,140227,47,40
5935,27738,13313,13445,21380,5091,643396,336726,38,29
153449,57805,38343,35776,42628,18391,1758985,62255,43,29
5201,8343,1162,2198,1645,944,168587,11636,66,53
31682,14933,8439,9106,16947,3520,801862,159584,53,53
63387,141228,50847,24451,21844,14514,1949980,71820,64,54
71418,35793,25061,15723,15870,6827,152315,85266,54,40
9572,3061,2733,5383,3693,294,941171,12141,67,80
13437,13639,6455,26834,12058,2740,39876,70848,61,84
41871,27384,30587,26208,26174,4215,932059,100828,53,80
6909,6561,5602,4905,2988,1039,100504,36065,51,74
18264,23023,12383,29593,12370,4010,346324,63119,48,66
13345,37876,23068,16472,45203,6706,701711,24723,60,66
57696,22130,35892,15279,15776,10318,165400,199870,56,51
42027,29343,17808,15914,11136,8176,92219,55533,66,69
21893,41957,12231,16919,11110,5179,805001,170249,54,75
38623,19212,46464,32806,34881,19546,2341939,319130,41,51
38623,19212,46464,32806,34881,19546,2341939,319130,41,51
8145,10905,881,7347,8471,2862,198538,45464,48,61
11249,13615,23446,30402,20216,13774,19453,101238,37,84
7852,13545,31887,14953,20726,3610,292226,17305,44,91
3479,11345,6481,17331,5292,2442,570359,21430,47,90
3479,11345,6481,17331,5292,2442,570359,21430,47,90
19357,12210,2552,5128,4215,2691,127330,19983,56,66
9101,3599,5350,3631,2988,3916,714501,14050,64,66
5157,11310,8279,13320,12902,7183,1350857,139999,26,63
82255,26080,11212,23531,5115,6886,1770669,109122,47,43
82255,26080,11212,23531,5115,6886,1770669,109122,47,43
18321,27145,8822,11587,11074,2671,73039,29442,53,69
46152,12382,42510,11099,6380,1995,101724,208797,50,60
2325,9414,6877,3038,7072,2213,935292,113877,35,29
6172,4245,2872,1718,669,1764,545112,19230,41,35
40095,35305,22399,24527,9435,7191,179807,46712,48,51
53085,7217,6290,14465,11263,9065,459193,56497,75,78
3522,7993,24268,21051,8550,1859,121837,36558,67,81
16205,38879,13300,21116,7987,4919,37972,168499,51,66
7582,4156,8624,3751,2471,1034,99919,15328,50,54
43116,23250,4474,15073,7643,1572,37245,26003,69,78
43116,23250,4474,15073,7643,1572,37245,26003,69,78
17560,62258,8785,11850,17661,3112,47786,44279,69,64
21590,17214,4388,21304,21224,23454,75206,36436,60,67
10255,20008,3617,16553,8639,5554,188547,108976,40,60
3835,14973,8290,16518,11141,6687,110103,50321,35,61
5813,11910,8512,7994,8222,4191,31038,18607,48,87
3959,2840,5356,4522,2880,2417,124536,15342,53,83
5055,5998,30833,20206,20300,6915,288336,77073,38,81
29618,61352,29525,53646,36425,31385,1278559,999421,21,57
29618,61352,29525,53646,36425,31385,1278559,999421,21,57
82121,60088,27513,19120,16809,15763,1886156,182914,40,56
3724,11401,20180,20559,30039,8463,583594,19010,57,74
3724,11401,20180,20559,30039,8463,583594,19010,57,74
6937,7250,11912,19079,12844,6059,189803,96184,34,60
41314,2543,20644,5582,14132,1794,1036132,53135,38,56
41314,2543,20644,5582,14132,1794,1036132,53135,38,56
20509,29654,26731,30089,57908,29348,2158631,448221,34,47
2938,2706,1811,2538,1605,723,15851,24847,30,51
171,2542,4403,1800,565,451,111191,7403,29,60
171,2542,4403,1800,565,451,111191,7403,29,60
17133,7519,11014,5831,7193,2473,166218,36031,63,56
6530,14545,12877,9039,5993,6875,64572,25722,61,67
3601,7659,8377,26571,3839,7588,199598,214347,27,61
13842,12741,3533,24309,25138,15099,53952,62003,27,63
8918,7992,7169,17459,14729,6365,1280233,87643,43,70
2247,1135,1551,3388,1360,968,135353,13032,41,66
4492,5033,2471,3088,5417,1097,68552,19685,53,61
4492,5033,2471,3088,5417,1097,68552,19685,53,61
2409,16378,5871,15293,3280,3755,371242,49444,44,78
2409,16378,5871,15293,3280,3755,371242,49444,44,78
31606,9031,25602,30671,24325,6193,1312608,97859,48,69
5459,10932,3935,8816,7544,7242,550203,47234,43,69
7072,4511,1123,4961,4366,2903,168543,90305,47,53
44682,15934,13645,18040,4373,4268,1780022,118037,51,47
6188,8121,3494,9432,10130,2888,181063,24705,48,70
6188,8121,3494,9432,10130,2888,181063,24705,48,70
77777,18110,55604,42767,15293,5570,880190,277760,44,70
5001,8009,1114,5114,2663,3740,47461,8199,60,64
15034,35853,11376,23865,18564,8778,387383,31142,67,75
5287,13044,11343,22244,46418,16758,10274,28222,51,100
7003,5402,8884,21229,27722,11877,8450,32702,30,100
5038,10841,4739,7308,4560,6028,319605,135730,17,81
6759,15403,9305,14303,8841,11540,32653,43370,29,57
6759,15403,9305,14303,8841,11540,32653,43370,29,57
31640,35486,15892,14229,4694,4666,1122880,76917,67,63
2775,6208,14657,20599,5771,5272,332335,16296,60,81
13984,11890,17620,19761,12235,1401,374002,87798,43,87
13984,11890,17620,19761,12235,1401,374002,87798,43,87
1635,19740,15099,19477,11755,6284,33168,30756,43,91
11605,6413,17846,25102,17257,9105,235480,35109,47,91
11605,6413,17846,25102,17257,9105,235480,35109,47,91
12541,17529,15718,19070,31450,26175,45593,37458,30,41
74334,24396,12997,24305,15468,8713,291295,63090,53,48
21204,41718,8241,27632,16217,5546,247113,57191,61,81
7759,8589,9562,14499,15040,34242,11321,9408,60,94
7759,8589,9562,14499,15040,34242,11321,9408,60,94
9768,16715,5607,18638,14293,2642,11811,11712,54,80
2350,2551,8185,11073,5778,1950,163673,16346,48,100
2350,2551,8185,11073,5778,1950,163673,16346,48,100
103167,211840,40251,62170,41635,19364,688271,1204868,26,57
12698,7967,2782,13209,18220,10306,806869,135742,35,30
38227,23311,16595,5649,31565,19392,582182,125964,44,17
22329,13156,30915,15381,17748,9705,163402,202026,47,24
2524,421,262,458,318,130,36362,2949,57,34
11128,18627,7246,14870,3379,1826,312055,11443,64,54
8391,5907,2275,4989,3586,1623,1283880,7690,75,61
8391,5907,2275,4989,3586,1623,1283880,7690,75,61
3432,87101,38616,55962,49243,33222,986515,278239,63,56
59127,40124,10076,24625,7739,3237,1228185,139228,69,56
8782,1511,2283,2491,3373,929,67469,17025,64,64
20980,6373,37892,10039,8074,3857,881911,28836,61,63
20980,6373,37892,10039,8074,3857,881911,28836,61,63
49155,30581,34960,49161,37666,8323,2183593,497362,27,47
5286,1907,3080,3994,5440,1401,133671,18066,35,75
4875,3445,2686,2376,700,328,75774,20085,44,63
4875,3445,2686,2376,700,328,75774,20085,44,63
6552,1910,2742,6482,1954,2918,48314,8170,50,56
21228,9942,15102,6434,5480,1650,66073,58451,57,61
21228,9942,15102,6434,5480,1650,66073,58451,57,61
3087,17567,6378,8569,24995,2598,28191,33848,54,80
34524,17799,4415,18092,20331,12882,128293,39396,63,75
5847,59711,26228,24138,18810,3443,16081,96025,63,54
15054,16053,13815,7761,3978,3994,20297,52672,47,54
6926,10139,17367,6844,12050,2716,417632,21293,63,69
9555,1370,5585,3140,2124,4396,279285,76595,43,63
9555,1370,5585,3140,2124,4396,279285,76595,43,63
56730,22565,35453,29120,7174,3445,212272,238944,48,75
1897,2124,4562,8746,1912,498,359063,75116,23,64
11154,43505,71527,17329,6066,1674,915393,654228,16,48
38381,23142,6294,11894,3432,1739,350869,91854,26,35
38381,23142,6294,11894,3432,1739,350869,91854,26,35
14460,20413,21483,39367,11250,11808,1084803,29895,51,77
36259,77750,25403,18658,7323,1804,1269011,151067,64,77
36259,77750,25403,18658,7323,1804,1269011,151067,64,77
8349,4200,9050,5796,3105,1279,820235,58979,50,41
5767,17337,124920,17400,17915,8145,1351532,206258,21,43
92825,68130,31056,34227,2680,4707,1457193,484168,30,50
3813,4587,2703,4674,662,986,136753,9342,43,66
3813,4587,2703,4674,662,986,136753,9342,43,66
8082,6746,4346,15592,4084,3301,507786,14043,56,77
25140,15923,14750,33301,8144,11436,1370010,89720,44,70
29127,8171,6500,8867,8074,2432,729036,42549,53,57
53287,48929,73821,23336,21884,6391,1868765,132354,54,63
53287,48929,73821,23336,21884,6391,1868765,132354,54,63
24451,15294,21703,11214,15197,5779,170798,314790,57,34
5563,23034,6286,13112,6349,5417,1530526,83710,51,47
20727,106005,62711,9535,29541,13485,2924841,403322,48,34
19961,12386,5485,2929,2973,2132,348185,114586,40,13
32061,20444,12838,6258,4465,475,630407,95572,44,21
4936,2726,1489,1314,717,637,113713,10311,53,17
4936,2726,1489,1314,717,637,113713,10311,53,17
1042,1697,2668,3868,3646,1483,213818,29548,27,41
3906,2820,1897,11091,3719,7169,253768,53332,20,57
29515,8738,14883,6192,7411,3534,43773,123937,29,54
8217,7605,11366,8290,3654,1573,24634,26318,54,54
1701,5387,17968,15799,7519,2609,803258,179527,27,54
20068,3521,10679,7142,2485,3084,26509,20528,35,56
11199,26558,20364,12599,3160,3151,358267,24830,57,60
5408,3049,3771,1168,1144,409,360050,14814,56,48
12118,9779,3512,12028,12139,2737,36004,14442,67,74
6094,11295,13287,14352,9008,6313,211275,63549,70,84
30420,19362,18647,21073,16048,7931,862860,100671,63,78
