lowAlpha,highAlpha,lowBeta,highBeta,lowGamma,highGamma,delta,theta,poorSignalLevel,meditation,attention
55215,23627,123270,40330,28403,24670,32068,62915,200,0,0
116666,15628,300700,132185,37121,20051,548593,238786,200,0,0
67179,61794,210829,169437,154916,150393,959060,186463,200,0,0
208580,288677,236052,52322,70221,58460,286042,73059,200,0,0
407123,23101,415381,64451,55254,61871,452725,136058,200,0,0
224796,142974,259814,173557,150733,116999,931498,309101,200,0,0
254408,104657,428364,143696,106809,76522,196597,264677,200,0,0
83782,124308,127951,118859,140385,95702,810928,838516,200,0,0
249018,73605,54946,186916,93717,99487,1622381,356890,200,0,0
120805,234553,127282,154358,67242,144998,253222,684921,200,0,0
216179,116343,204823,266769,79231,77893,1309633,343957,200,0,0
135122,115728,85514,141664,71610,73867,430449,265374,200,0,0
108842,166373,257875,144349,119378,61892,710399,541393,200,0,0
186932,246534,90697,177118,76940,123266,565533,533920,200,0,0
67954,39126,409782,76118,37626,90104,385106,74935,200,0,0
119205,25860,136852,87753,136122,75221,88127,139519,200,0,0
1597416,222188,1188171,348560,786207,284617,1607569,1373922,200,0,0
126640,125286,148447,100270,132810,96083,1279722,144716,200,0,0
449165,339872,128796,106632,71776,52050,378151,367041,200,0,0
166972,190547,75151,146539,187861,118047,492528,742085,200,0,0
142382,137919,151130,197681,66715,108310,519658,353292,200,0,0
39335,121422,289748,93047,29487,79198,134534,201654,200,0,0
108120,114778,240612,96350,54011,94311,980557,589863,200,0,0
82009,389761,177271,82029,55181,47801,792358,576599,200,0,0
306304,43726,204864,87348,56351,85157,440629,270189,200,0,0
436516,47087,176628,231912,137332,129622,102603,253778,200,0,0
108357,121283,147125,92695,86852,60421,583270,394331,200,0,0
413396,113976,294146,236874,77772,120870,402309,351798,200,0,0
413396,113976,294146,236874,77772,120870,402309,351798,200,0,0
942399,253226,201420,194096,103102,172815,374682,198717,200,0,0
188213,62739,102717,106215,94160,98669,1460431,234887,200,0,0
197621,188523,229332,108272,92758,26237,420243,790211,200,0,0
138082,272954,145597,150248,74692,147861,510708,403925,200,0,0
239875,29234,329926,133672,128632,47787,188303,361725,200,0,0
22756,73872,128520,219568,75602,38911,611169,357797,200,0,0
87761,93851,289706,252803,41815,58811,256917,302081,200,0,0
73293,167334,211638,98297,74040,79406,266532,700470,200,0,0
143306,186089,71998,106209,117056,69964,585591,505072,200,0,0
111396,144026,214992,156502,79043,82361,742421,293001,200,0,0
392611,215503,192310,79039,57229,48963,471497,883832,200,0,0
228528,129911,236102,78434,122610,138296,593174,272635,200,0,0
135246,54851,130793,124006,105567,130981,1003467,858210,200,0,0
198664,127242,249232,141830,223157,217027,375852,424903,200,0,0
31073,17590,40591,21397,28809,13863,575959,106889,200,0,0
124413,82482,210835,87784,65444,72216,1031129,727933,200,0,0
79803,83192,105354,101292,92948,124871,650836,393456,200,0,0
79803,83192,105354,101292,92948,124871,650836,393456,200,0,0
344877,165756,378306,94462,71903,98893,791162,233639,200,0,0
272547,168396,149345,203142,127408,120589,704672,218579,200,0,0
369286,235653,83110,80317,79955,121300,171945,372043,200,0,0
200930,92979,74653,66101,55606,73198,228752,397680,200,0,0
252964,35852,281862,111376,148643,77878,442766,216307,200,0,0
413844,25502,330841,108533,65727,183739,248800,461540,200,0,0
376863,90597,199304,79202,105755,61406,210475,515365,200,0,0
511509,104397,84462,97129,88706,66270,640745,221548,200,0,0
432383,190036,130646,194228,72602,228365,336104,179621,200,0,0
432383,190036,130646,194228,72602,228365,336104,179621,200,0,0
156958,217639,240020,95893,129013,69886,269984,612630,200,0,0
82840,211411,229376,190168,192358,221554,557346,662284,200,0,0
264170,94893,63323,79166,58562,98530,1091072,542850,200,0,0
165261,134093,286518,127273,62329,128392,375728,817175,200,0,0
51799,138037,79392,121853,85938,136859,1173834,193077,200,0,0
231316,75528,71653,122076,116340,74337,498881,499326,200,0,0
340751,124587,417090,271930,164220,81813,82141,338054,200,0,0
626956,184644,132327,123162,83767,53884,513405,108423,200,0,0
190277,165067,83454,107359,28409,62023,546638,701821,200,0,0
313325,24392,337540,116618,147522,59251,449196,369742,200,0,0
585494,150049,197059,105449,89946,80242,863795,189688,200,0,0
585494,150049,197059,105449,89946,80242,863795,189688,200,0,0
308243,231005,182973,68641,75645,105707,529210,422598,200,0,0
190278,77478,562730,101620,91109,33539,1447117,431520,200,0,0
230168,45760,140038,93378,50550,56231,528144,438130,200,0,0
115310,29408,99199,184457,105355,72808,532702,511669,200,0,0
91533,106275,399015,164244,122230,57483,810913,641564,200,0,0
55811,10725,33745,21794,29688,14861,94703,139227,200,0,0
147580,139543,244554,91994,260205,45110,933788,410560,200,0,0
147580,139543,244554,91994,260205,45110,933788,410560,200,0,0
52781,92609,172992,125703,97156,104048,1262361,505481,200,0,0
167131,25907,109793,161607,68601,78046,621789,674917,200,0,0
101774,63048,208331,169330,114004,73606,496130,525940,200,0,0
103147,14153,50737,24950,15500,12875,68141,63406,200,0,0
101835,94383,475241,114582,132147,60798,178169,479098,200,0,0
148971,117957,159606,120050,210000,80820,854583,243103,200,0,0
225764,144561,280667,100865,31088,106784,968587,388640,200,0,0
163703,85784,292526,256509,93413,33739,706450,1419037,200,0,0
24676,85725,262737,102845,95703,42706,203931,654105,200,0,0
1059476,46506,684854,107820,61558,68787,1099138,189266,200,0,0
1059476,46506,684854,107820,61558,68787,1099138,189266,200,0,0
347482,198429,489551,66015,66644,127279,368581,196220,200,0,0
48537,240082,230599,144882,149925,136463,224796,180165,200,0,0
33339,7928,32118,25258,46298,11270,37909,102359,200,0,0
94694,75801,218732,94201,130927,51730,1521032,353517,200,0,0
137215,249354,107981,92552,85843,93432,223928,226231,200,0,0
260679,112144,150363,59977,62914,178807,1068500,285242,200,0,0
129025,127239,470120,129951,156174,117916,385155,30885,200,0,0
76713,30764,51675,38461,24016,16239,78512,53226,200,0,0
53854,117152,97361,148786,71108,128261,625007,258466,200,0,0
264262,184452,177518,150184,58254,104922,1616968,559240,200,0,0
208218,133393,124937,171337,104165,144465,1016441,926043,200,0,0
381659,41042,156183,112497,70521,62989,764941,160585,200,0,0
415217,239606,184998,152563,76740,86066,564758,177933,200,0,0
288108,308129,317125,76863,135056,51095,138450,207941,200,0,0
239779,89784,132219,146986,56794,64072,1775077,413537,200,0,0
74251,21428,38014,24440,22197,22922,118380,122511,200,0,0
251760,50035,87250,108717,56246,52126,1091452,387267,200,0,0
234789,141512,89816,137261,56897,45592,784793,526417,200,0,0
75889,106651,97622,120643,91384,111797,410288,888537,200,0,0
75889,106651,97622,120643,91384,111797,410288,888537,200,0,0
170956,238263,457562,78008,149040,45503,910767,273894,200,0,0
783359,93310,423043,126798,64503,27652,204154,206014,200,0,0
73944,150748,170941,142694,102915,93887,875950,501673,200,0,0
109947,141738,220478,156469,134227,194554,661654,192080,200,0,0
160632,95737,135784,102091,128751,107280,142220,794135,200,0,0
232002,67735,237012,99145,72367,52119,380083,332622,200,0,0
100998,50305,130765,121231,136196,79639,363153,255697,200,0,0
252743,81816,289776,120327,178341,33374,758449,130912,200,0,0
491813,105563,203993,115179,124168,111615,810417,189760,200,0,0
491813,105563,203993,115179,124168,111615,810417,189760,200,0,0
36333,70544,149161,150585,76453,102354,510123,348137,200,0,0
417025,291226,119772,103384,96503,48388,224859,854374,200,0,0
141003,194535,83267,160468,117640,102548,1013259,445063,200,0,0
286145,96020,214009,84839,136372,107079,609869,308341,200,0,0
791696,196297,120311,190090,95257,104767,333358,567658,200,0,0
48461,40986,290596,158073,84986,81708,570521,522289,200,0,0
158167,184847,301920,129970,61536,163520,424880,187113,200,0,0
448093,118091,394762,55358,113677,93771,537210,142313,200,0,0
88709,92140,152264,213387,71880,128058,628124,342365,200,0,0
88709,92140,152264,213387,71880,128058,628124,342365,200,0,0
25631,217745,96168,166696,100997,103786,1156364,311490,200,0,0
206038,170764,223584,59624,135313,29977,1133974,453886,200,0,0
72327,211802,196933,99963,59531,69044,460713,748039,200,0,0
745648,98933,191116,41064,70363,143764,477467,411162,200,0,0
56113,43889,37909,21314,10122,16023,132116,35453,200,0,0
143583,104684,197029,190598,78220,42478,453535,465637,200,0,0
157696,135580,289410,86412,165854,133726,411739,388024,200,0,0
233029,236406,295303,95728,81023,72678,1091018,241025,200,0,0
204383,54741,178847,209321,94131,101069,1187180,207421,200,0,0
75120,179793,176468,69733,67513,90808,517681,602592,200,0,0
45882,27362,13558,16065,25018,32176,53402,121177,200,0,0
364589,68059,94641,105581,76800,153249,411324,759414,200,0,0
182582,122174,164334,173701,141441,60563,252272,901545,200,0,0
281632,160709,332140,184121,97800,150929,361067,466091,200,0,0
105620,84714,205138,78434,57578,51859,541791,423390,200,0,0
259142,210266,257287,195838,78438,75253,540008,355102,200,0,0
158394,55056,263177,61358,173322,140392,396145,320416,200,0,0
171482,99838,170052,204096,56491,207342,343789,398578,200,0,0
80093,27767,218697,85287,52715,87382,508382,196871,200,0,0
727519,207975,248218,144691,54252,72424,686597,474510,200,0,0
207910,77526,109308,139332,156131,107658,1117832,698607,200,0,0
155501,36597,173450,83783,79967,57438,359131,430616,200,0,0
81952,47959,439623,121514,101761,109173,337587,776406,200,0,0
44501,372736,190173,79542,61811,64900,449910,529353,200,0,0
399057,76716,158830,189220,114364,29775,762988,391792,200,0,0
59159,127467,233262,112922,102401,134132,215977,481676,200,0,0
36847,18487,17015,34653,37438,48209,162957,207341,200,0,0
175246,50554,76099,130852,79053,61457,1835441,260699,200,0,0
175246,50554,76099,130852,79053,61457,1835441,260699,200,0,0
24041,197960,173801,109817,138752,167042,727645,262170,200,0,0
83719,118819,176488,95040,81042,37544,1107171,252529,200,0,0
169385,159285,171651,56462,190574,149793,370231,302576,200,0,0
390965,200536,226892,155809,95484,52145,763968,1191411,200,0,0
492858,64954,236388,165156,155638,103843,1005655,271817,200,0,0
475827,157624,158663,156360,205100,106265,166230,138803,200,0,0
311914,260559,233063,110265,32893,90972,495710,369962,200,0,0
151692,184586,157397,82356,233125,106063,598893,242212,200,0,0
27159,42194,359179,124986,135870,76184,324102,284982,200,0,0
286320,244654,211914,129238,87768,93751,294185,784146,200,0,0
286320,244654,211914,129238,87768,93751,294185,784146,200,0,0
173917,128457,249117,203759,97721,58750,515613,830311,200,0,0
661212,142450,221565,127600,58945,57866,1256267,231107,200,0,0
75348,124193,318531,133056,83096,184507,328991,110469,200,0,0
204214,114716,316815,103917,51212,298784,613599,210803,200,0,0
103780,151071,385124,102563,125522,32237,799147,501824,200,0,0
246917,425274,110437,202972,85836,54371,482566,221092,200,0,0
255732,132640,619461,126514,90943,32381,291006,393180,200,0,0
271672,81387,171799,97788,221331,31225,150978,338116,200,0,0
169859,168481,72115,95979,134439,41848,1507191,332375,200,0,0
169859,168481,72115,95979,134439,41848,1507191,332375,200,0,0
262836,311799,130899,60853,151701,70612,1081473,446634,200,0,0
134735,169690,120501,149570,152227,26177,767929,610311,200,0,0
98450,88072,212761,302992,77189,146067,173498,203866,200,0,0
225704,193331,136941,66316,160346,206385,727296,244636,200,0,0
212654,37588,438241,72806,107965,98857,633070,567194,200,0,0
267194,305095,636411,550129,527102,183826,861552,1419046,200,0,0
510575,88006,182860,108173,60464,100304,750870,339605,200,0,0
142628,89003,231773,88440,59730,123824,430586,72031,200,0,0
80280,123218,111374,175823,167614,95910,910889,739303,200,0,0
80280,123218,111374,175823,167614,95910,910889,739303,200,0,0
138330,166949,137669,54064,74136,75548,125454,720910,200,0,0
241660,103037,188111,55768,59626,231204,958602,273769,200,0,0
142823,144080,170581,75069,83697,101273,411300,426160,200,0,0
373562,125809,92495,145407,83900,95868,631349,293947,200,0,0
621452,153832,81262,280721,105277,98678,257207,70711,200,0,0
58451,204959,175873,137066,193514,81006,1213582,349231,200,0,0
112496,229337,112522,155400,56800,60344,616305,970406,200,0,0
200623,98624,251852,117329,104614,116182,1133873,445801,200,0,0
199212,229214,84356,73198,63054,88070,451655,860774,200,0,0
77540,276855,227198,95435,63810,50155,385173,341254,200,0,0
81157,59482,176694,160090,91200,197876,439750,393935,200,0,0
71446,284461,193846,76327,81725,100600,417677,277066,200,0,0
175593,205231,196766,194861,251902,56346,898267,734885,200,0,0
76623,32901,180749,44645,126621,81853,234121,598147,200,0,0
773740,184753,107241,89973,75052,76364,887241,399652,200,0,0
215361,77457,152344,85479,164710,83818,779303,343572,200,0,0
305381,167765,124229,109477,82760,80085,1319880,669970,200,0,0
438391,42977,153280,102180,48562,48140,369696,132510,200,0,0
122938,72318,240501,63812,44344,65089,630427,452203,200,0,0
122938,72318,240501,63812,44344,65089,630427,452203,200,0,0
477948,174633,183038,175067,93360,84758,435120,397111,200,0,0
349948,90921,134367,68593,143860,110388,1146087,336151,200,0,0
103883,139953,191394,130364,187016,160334,301363,383356,200,0,0
262645,73555,128856,100139,107405,145986,1592559,392583,200,0,0
301079,139735,144924,145512,65039,104523,508661,431826,200,0,0
227910,119764,90052,83197,74136,88952,463975,340751,200,0,0
147738,122789,166999,162839,66732,114996,787145,97803,200,0,0
154153,115383,196877,121725,37963,122403,210152,833673,200,0,0
192191,323367,78002,95844,93607,83861,245036,704686,200,0,0
447993,155404,166766,189288,68271,78374,277551,399263,200,0,0
34252,212606,172939,77360,58934,141867,233461,854727,200,0,0
74354,319292,266543,89140,113720,85959,1080514,229611,200,0,0
110057,334676,217811,147731,117980,93931,1227230,801809,200,0,0
70848,91496,100606,94639,71370,61898,1295378,436907,200,0,0
93939,44478,600999,64729,89199,91902,381923,340275,200,0,0
40314,211487,117218,161327,113337,154968,1289412,828200,200,0,0
51109,98835,132928,126578,109865,163315,1855176,400937,200,0,0
117660,136308,58410,83644,97662,62556,987199,658739,200,0,0
89494,102953,170593,224475,106831,171735,707967,258102,200,0,0
13391,39267,198432,71423,82460,66409,491617,623624,200,0,0
151128,93432,66945,242124,112514,81734,1080521,532836,200,0,0
117212,113292,429112,39538,157356,74583,314990,484149,200,0,0
245647,102013,123951,88261,170714,292859,892962,732153,200,0,0
361409,117305,197983,82531,60008,53434,158279,226955,200,0,0
205786,101032,197122,104146,136295,94074,442004,511452,200,0,0
348471,212344,314001,127965,46696,70719,193640,379281,200,0,0
186785,80058,60792,64056,73492,364408,968512,744221,200,0,0
248832,111495,211924,129719,56191,82107,329634,271545,200,0,0
40482,21460,20396,32206,51295,29704,285499,78733,200,0,0
218429,152623,256699,192581,56163,79939,961311,312937,200,0,0
74677,65082,305757,99771,147325,70791,1185112,193922,200,0,0
69491,175527,284163,112889,85911,232869,345303,156992,200,0,0
180266,79806,213866,67961,80994,58523,498013,472900,200,0,0
30739,47510,86551,246063,170138,141823,686365,248443,200,0,0
149784,124092,124568,103967,55572,57075,830129,1194466,200,0,0
363677,47649,351761,193512,106093,146754,332073,237984,200,0,0
166903,54832,77627,130618,65745,111568,1347265,181736,200,0,0
97424,85886,323005,192453,152574,106079,128984,1039996,200,0,0
163261,44469,68077,121625,110801,87608,1030949,603132,200,0,0
439116,91329,235654,112416,90088,93779,766588,390514,200,0,0
95199,75011,167320,103160,73175,98816,295515,292706,200,0,0
238029,34700,167059,82766,81106,71739,135657,1139541,200,0,0
151061,197560,143716,111708,95805,237784,1294665,524050,200,0,0
449851,131587,202042,49239,74474,81013,328942,308895,200,0,0
20665,21560,65838,39795,33781,24310,53622,217626,200,0,0
55080,332767,255727,67664,103331,229742,260418,537586,200,0,0
37773,18528,50641,49791,22197,16152,522376,138993,200,0,0
206663,54094,563958,164043,82583,94284,470065,301883,200,0,0
487151,60992,156383,153710,189045,106688,1013544,609149,200,0,0
108815,137260,377265,75521,80286,66746,961452,498566,200,0,0
110792,11066,357954,71624,51291,76651,1224293,241906,200,0,0
298656,62484,120220,215841,63388,186195,832713,300751,200,0,0
65232,127181,310640,98286,65835,82501,193951,295819,200,0,0
72472,131885,104812,153412,122635,76585,622926,1119066,200,0,0
228398,61982,95887,191191,181687,131167,644605,603465,200,0,0
266283,250246,223716,129236,41164,129747,451784,226808,200,0,0
98865,118262,142476,93522,56150,63956,1023463,159777,200,0,0
251169,158112,224586,219533,71631,134984,551011,430760,200,0,0
32026,32282,132708,14834,12938,7727,69753,67383,200,0,0
249640,113505,369176,61290,69974,44543,472661,447306,200,0,0
158478,188882,210303,123063,78129,82954,375162,575100,200,0,0
329421,34613,159232,233312,56194,89006,1036522,605871,200,0,0
273612,120840,266513,154714,115093,75264,215845,403689,200,0,0
159694,88614,276321,94564,179514,44425,1093834,623689,200,0,0
130102,235314,84243,173190,115395,78650,1414620,916348,200,0,0
205690,139118,99821,278020,184008,52305,615360,978006,200,0,0
272122,293851,75063,58755,108943,137626,291336,798696,200,0,0
163885,52270,304531,77624,147863,107894,137368,201186,200,0,0
138673,304818,107569,74686,56351,61877,316049,329128,200,0,0
183333,57879,341229,46237,71467,49512,912390,270910,200,0,0
93195,208000,206753,69726,185082,62301,1005459,222343,200,0,0
85764,83911,250296,56575,20073,77771,409882,192196,200,0,0
408341,209885,434561,88655,76413,50089,828935,232409,200,0,0
792239,178729,109600,84210,22989,31989,661208,721476,200,0,0
53376,158457,238578,134394,76495,122860,635235,489884,200,0,0
126610,66097,207921,168048,207585,98442,764480,260373,200,0,0
175269,33856,150150,106588,93847,70170,254751,779718,200,0,0
162720,17777,82170,112856,171802,65418,1226844,977570,200,0,0
162720,17777,82170,112856,171802,65418,1226844,977570,200,0,0
18124,16546,118208,183963,114868,79686,643623,335147,200,0,0
142757,22398,689633,55000,51162,51852,260769,306955,200,0,0
68073,58706,82863,114183,72524,75599,372122,363405,200,0,0
6660,147048,74945,104748,70467,72654,247700,782688,200,0,0
179787,41013,143265,74749,52832,134530,1206541,311541,200,0,0
252033,89540,243202,175487,113472,144699,163586,779821,200,0,0
122669,50853,194019,157634,374049,120076,500551,280073,200,0,0
95788,30906,217610,70048,94969,127177,285581,265362,200,0,0
151171,46564,196515,83998,42818,51807,84135,185492,200,0,0
248792,86409,185663,72570,74670,69032,333070,244722,200,0,0
75488,185809,171849,135805,113835,71833,811959,305203,200,0,0
280992,130865,34262,142983,58794,174109,580190,314479,200,0,0
122680,233968,450052,181592,111342,72863,171996,632943,200,0,0
62178,36290,31128,26108,18090,10195,154291,110794,200,0,0
109575,99107,297551,317179,93281,52208,433145,969468,200,0,0
166111,73946,52792,192628,179929,79859,648071,276228,200,0,0
132269,311078,203497,67350,70248,126579,903807,47795,200,0,0
26801,186118,128748,146814,83198,182413,688640,468408,200,0,0
48506,39218,308543,325295,151652,112426,664307,281729,200,0,0
286050,184605,55747,137318,52953,79617,459310,678024,200,0,0
323977,332552,167844,233165,49328,75142,584307,817597,200,0,0
113943,52416,188868,186228,90328,95873,341670,740182,200,0,0
238604,97066,434351,86127,67852,66961,774073,353944,200,0,0
305290,222549,174002,154360,32004,43609,239483,608493,200,0,0
116685,15632,215481,158428,105384,141731,665580,474713,200,0,0
104267,123302,120877,49865,68384,25739,583738,583305,200,0,0
334896,92341,208392,60021,52607,83601,521840,77061,200,0,0
181775,204274,396179,180424,53122,79939,631563,351011,200,0,0
155871,81871,277338,130361,61796,124409,599084,344270,200,0,0
155871,81871,277338,130361,61796,124409,599084,344270,200,0,0
484272,72834,216714,102050,131771,130655,374120,451062,200,0,0
168232,148900,190678,74599,81838,110766,1682482,497249,200,0,0
155266,20329,233299,95037,55997,95607,1255824,528260,200,0,0
541428,69853,374759,168825,92643,154940,205688,373556,200,0,0
90184,305116,306322,130240,59269,61632,725529,1263870,200,0,0
57351,52510,237396,72051,104996,140876,297015,275865,200,0,0
370210,21848,181441,164204,226047,72620,213075,1184590,200,0,0
350820,68562,102330,102989,89707,67249,568878,388352,200,0,0
209789,95142,394327,123266,54682,53565,892766,542595,200,0,0
137188,22053,208400,68944,34132,165732,571595,601603,200,0,0
215325,70824,122009,219238,33671,40418,511645,232462,200,0,0
316461,240374,408045,173890,107937,203188,420932,144599,200,0,0
77548,12777,147423,41412,14962,16512,130729,56800,200,0,0
160265,131682,257975,137409,89060,96649,374454,239644,200,0,0
307015,29315,440693,78855,55981,32201,978527,228949,200,0,0
128398,81541,332751,62892,66251,187622,266081,287840,200,0,0
286704,366852,214632,112505,73054,76783,633638,299252,200,0,0
358083,57905,332147,204425,143576,61901,1252457,526259,200,0,0
128492,25935,196270,141395,60354,142672,709840,759946,200,0,0
165318,120580,139995,71970,21514,237739,1200941,416519,200,0,0
88663,51577,242458,103720,69800,190399,342597,508913,200,0,0
173646,20712,211014,188480,143802,67702,393170,503008,200,0,0
212121,56538,120503,132143,81356,151271,671979,395486,200,0,0
398949,19807,141084,85994,44577,80848,397208,1018672,200,0,0
64716,305669,267771,133419,91446,119574,171790,882066,200,0,0
320040,44748,225489,117409,187595,118121,206423,672978,200,0,0
316980,39024,217504,142054,141636,48543,730603,524317,200,0,0
121079,68710,634892,263196,140309,44155,483578,761099,200,0,0
690062,161611,311561,172197,51842,39851,873705,372777,200,0,0
69495,87174,243572,62767,41115,81401,307250,997067,200,0,0
444527,107880,286492,60986,36042,103499,190178,513116,200,0,0
254069,62683,209261,249847,119530,125683,1757875,280581,200,0,0
450068,106351,222702,92237,80690,144285,191796,330230,200,0,0
236517,109590,257166,113417,171401,196079,360851,313161,200,0,0
106171,259555,238849,103741,134292,100047,180979,686624,200,0,0
432680,62297,180965,49591,65577,75576,568503,777756,200,0,0
351732,17468,325741,115076,123059,127437,774717,457634,200,0,0
351732,17468,325741,115076,123059,127437,774717,457634,200,0,0
124720,10811,524782,160934,187387,96349,325479,174506,200,0,0
205542,96927,107580,70208,46843,91604,382501,1255119,200,0,0
224262,105086,100312,92320,56354,49472,964457,484449,200,0,0
151316,174797,166871,121409,148295,60431,952309,592815,200,0,0
276984,24028,230695,158398,141869,208759,1354279,302368,200,0,0
198846,73138,397437,72115,59314,74154,327361,848951,200,0,0
327242,66738,275539,206003,100100,62505,327552,833987,200,0,0
142388,112223,253406,138977,78189,133189,567277,528754,200,0,0
15211,22847,17095,11522,40548,16516,190313,176503,200,0,0
15211,22847,17095,11522,40548,16516,190313,176503,200,0,0
382109,73338,108225,141578,129693,70677,1208663,685254,200,0,0
192381,49254,517089,157067,66083,141984,542866,222990,200,0,0
248899,56359,316619,255718,116042,61119,793952,295039,200,0,0
302900,107002,178673,39962,57076,44560,1301488,281762,200,0,0
245645,51407,393659,106626,139532,98595,444878,210314,200,0,0
145362,214305,130829,123218,80420,50475,603394,582542,200,0,0
341433,137540,82402,82168,54690,76410,1481339,137965,200,0,0
418485,193122,141020,110130,158472,58308,453704,339862,200,0,0
446139,374986,940395,334990,499819,352580,1713150,1962243,200,0,0
162363,27605,201100,107301,60766,313429,287403,558547,200,0,0
53032,49935,62326,26240,18958,46391,94866,75450,200,0,0
308762,69645,111527,160176,65760,156542,1008451,265130,200,0,0
31864,229580,210436,100005,54209,81409,521559,710342,200,0,0
514393,54966,222380,87539,59525,79055,335870,1090555,200,0,0
70719,113334,157228,183762,52601,161243,1139010,398443,200,0,0
79710,93032,234767,55581,44917,103762,1522648,386442,200,0,0
221608,70736,239835,108545,75866,158449,787755,688850,200,0,0
359570,217440,1015063,448858,421590,274030,1557761,1705301,200,0,0
159086,71275,364776,104394,64455,110236,521410,1039790,200,0,0
159086,71275,364776,104394,64455,110236,521410,1039790,200,0,0
30002,104972,160361,89448,32973,50548,924738,689070,200,0,0
185000,94771,63774,149075,162058,140595,115479,975664,200,0,0
318638,71886,96861,101009,108297,72562,677073,123798,200,0,0
187353,28584,87442,140991,56246,96735,244685,449915,200,0,0
161294,149271,70552,128147,62802,89465,444777,502321,200,0,0
84646,19302,363332,178575,63044,35644,1144294,394527,200,0,0
123599,169477,108571,173651,103141,119059,1274461,536545,200,0,0
311875,117721,597572,78547,62790,57498,531515,89129,200,0,0
169791,53464,192355,67990,148184,202055,348837,348896,200,0,0
24685,61910,313759,79301,81619,305552,493290,362385,200,0,0
43902,188884,553596,115900,59554,82202,496260,215665,200,0,0
204288,207724,159748,134092,29692,31294,1344749,576497,200,0,0
199849,95674,392221,82013,102757,69900,213765,613163,200,0,0
282543,17690,288179,107837,119849,196352,189711,411428,200,0,0
108337,149592,167415,116177,72876,113333,482291,523126,200,0,0
50442,103123,368948,58656,42352,124424,513873,912811,200,0,0
203519,130662,250928,74216,104293,83523,825487,549624,200,0,0
131127,231828,65991,157071,100427,99470,975648,421148,200,0,0
132893,218039,163384,143729,61792,84940,1265058,335521,200,0,0
132893,218039,163384,143729,61792,84940,1265058,335521,200,0,0
263154,53381,594917,140251,200906,113920,558696,242485,200,0,0
155774,108387,149608,130025,50626,102009,519804,703410,200,0,0
363899,8721,261874,184343,157274,121123,331189,310015,200,0,0
379455,29455,120097,150862,49273,134559,757167,848670,200,0,0
234504,59400,153653,112536,60950,114903,250455,333870,200,0,0
173951,57415,210695,151005,56835,100169,211008,338779,200,0,0
131612,24425,222987,129061,90255,231513,153017,348624,200,0,0
103745,47981,259741,260248,92579,60233,470288,399503,200,0,0
160285,81557,326420,74929,64894,86937,322174,991035,200,0,0
257849,409949,169053,195550,87373,161779,441049,517249,200,0,0
113203,22300,67250,37365,21334,22911,43886,15615,200,0,0
143139,184105,337588,205689,77954,131425,959902,473246,200,0,0
137301,112782,161378,114511,191348,149667,219983,688833,200,0,0
668789,36612,208988,79955,111184,95564,441313,720657,200,0,0
170205,326435,268455,85348,42609,80249,984700,512631,200,0,0
88067,179385,127662,88393,62977,135466,792093,891623,200,0,0
84949,57961,187558,128493,81078,78486,445365,415875,200,0,0
88667,88975,173370,107278,196025,97132,255839,229847,200,0,0
274227,74609,197507,128882,168571,48807,478367,1364904,200,0,0
108624,20237,19169,52464,37271,30316,44741,138599,200,0,0
211897,35473,101326,91865,89656,55662,616767,963430,200,0,0
78483,39093,56648,55554,26037,16918,145122,108913,200,0,0
345262,95988,253798,212488,105324,79014,152457,149384,200,0,0
177094,40303,338835,107921,141380,138115,118022,315636,200,0,0
252426,163473,261753,90461,39719,57185,284221,642114,200,0,0
78802,35428,127736,68694,95205,76761,372293,516310,200,0,0
317000,40996,340073,83181,41960,54810,527236,417723,200,0,0
192664,57598,251800,141674,87235,111455,789069,427093,200,0,0
289505,53820,276183,147108,67320,61573,426589,357088,200,0,0
107782,37197,248155,76492,72608,125369,555579,224182,200,0,0
340552,48261,210698,160202,67333,122367,478617,309904,200,0,0
236226,183415,209081,73873,99946,56939,341576,527576,200,0,0
105214,47917,109291,123941,81312,85078,903971,510202,200,0,0
45114,191199,265777,78388,108219,106626,668558,674700,200,0,0
700394,62090,138589,364178,63741,44139,1172157,456288,200,0,0
21688,64848,372505,210248,54490,92091,506999,674564,200,0,0
117065,154369,135219,184343,91168,60773,283919,658160,200,0,0
327341,107108,479358,84893,132349,139898,545073,576408,200,0,0
11758,18482,111911,20282,12532,54545,642067,63922,200,0,0
236593,141534,80428,166445,75497,178711,587647,1264759,200,0,0
173181,52402,224391,139806,80999,103870,517622,473589,200,0,0
191723,105799,120413,175143,35872,121875,630373,907275,200,0,0
284999,58961,200465,265538,266833,87228,556816,531595,200,0,0
500469,182639,211494,131200,187541,90749,181752,470171,200,0,0
75609,143182,326534,92004,108775,72518,529902,705824,200,0,0
83379,28171,72601,38227,32499,18281,39840,64440,200,0,0
132219,78238,76762,65292,100963,40458,627294,809796,200,0,0
322895,231087,264860,159065,57333,63427,623381,552690,200,0,0
31716,513665,284346,200541,127232,95290,349995,423999,200,0,0
213840,50345,225040,144439,86419,97394,819385,625379,200,0,0
302783,143788,416712,128446,68780,191872,418148,565415,200,0,0
199939,77426,136689,94924,108844,171039,277893,1114040,200,0,0
158598,191488,423018,269687,179440,88825,534380,267971,200,0,0
55957,30760,25719,22136,17599,13452,93237,118957,200,0,0
44831,98509,316928,116811,90985,243423,657637,234289,200,0,0
204252,139365,921546,114551,77028,92553,346345,357657,200,0,0
185462,58102,109481,163292,100431,62293,608698,553477,200,0,0
155158,95209,150633,188631,57590,126641,175807,782658,200,0,0
37677,209978,144129,104863,99062,48743,416251,508873,200,0,0
235651,99579,211123,120630,156315,90661,437757,233514,200,0,0
210868,184654,737129,91160,90328,99427,278944,712060,200,0,0
416816,77633,145720,213104,100561,106008,262482,662369,200,0,0
354784,45194,224869,149928,105323,111078,431424,435579,200,0,0
150250,161510,244273,198194,294404,53316,87820,256235,200,0,0
196233,150558,276758,114326,122174,89507,641577,533705,200,0,0
100452,57061,169003,97303,92912,107181,465159,377127,200,0,0
113961,53665,248292,108378,109117,155749,313892,200544,200,0,0
90640,217011,179634,93990,337613,77231,627106,406205,200,0,0
222904,271889,539434,98339,49416,82836,1450416,574622,200,0,0
453649,37277,159865,138574,167962,159125,924620,360015,200,0,0
378252,18371,173323,127115,63062,99158,661059,324068,200,0,0
728919,29771,291202,233751,226910,78122,960962,415998,200,0,0
291551,146738,635359,146579,64046,76481,811029,403281,200,0,0
91790,113726,255320,216570,103419,90222,814927,459715,200,0,0
228436,74511,82592,193298,129380,77429,574867,615840,200,0,0
266492,318489,161272,30168,68496,41700,833024,371383,200,0,0
94517,160950,129064,173039,178595,223415,507387,616032,200,0,0
380531,41395,244086,37144,32930,58878,412763,390262,200,0,0
116064,260428,133373,83079,51843,47657,1727542,928475,200,0,0
116064,260428,133373,83079,51843,47657,1727542,928475,200,0,0
121754,168507,289292,137287,224181,69188,153462,745269,200,0,0
163470,111526,204723,77782,112411,29012,646144,145766,200,0,0
116430,163766,208786,87530,58506,240013,238979,242979,200,0,0
298523,48688,352558,97655,71240,93224,299594,969522,200,0,0
445609,21455,124696,85590,126055,193720,862019,440378,200,0,0
54883,53106,264886,126656,69441,106301,426277,320166,200,0,0
62649,74274,264738,145136,179339,155119,291979,459422,200,0,0
159101,140197,214197,125412,62645,99412,213643,1012182,200,0,0
203664,171421,180875,87669,233664,84057,372393,166285,200,0,0
203664,171421,180875,87669,233664,84057,372393,166285,200,0,0
194255,102855,185530,172418,108514,51814,680890,182105,200,0,0
78888,104456,396426,115532,117273,76370,689698,419335,200,0,0
331661,119020,554973,126155,50149,111685,533879,484033,200,0,0
119214,53271,420653,134112,60704,95281,350943,419916,200,0,0
145202,122784,364268,165188,255861,50761,261663,922861,200,0,0
