raw_data,attention
-70,43
-8,43
-91,43
68,43
24,43
-115,43
49,43
-45,43
-12,43
74,43
-13,43
82,43
-24,43
-27,43
56,43
-2,43
75,43
39,43
-8,43
105,43
-2,43
64,43
102,43
9,43
176,43
82,43
81,43
150,43
0,43
113,43
52,43
13,43
152,43
34,43
135,43
194,43
37,43
182,43
73,43
102,43
150,43
49,43
197,43
96,43
115,43
215,43
61,43
173,43
87,43
35,43
199,43
33,43
150,43
194,43
7,43
147,43
56,43
114,43
161,43
56,43
165,43
81,43
108,43
104,43
-37,43
166,43
129,43
34,43
183,43
48,43
88,43
81,43
18,43
130,43
38,43
103,43
153,43
-9,43
81,43
12,43
55,43
116,43
-10,43
145,43
57,43
23,43
138,43
-25,43
112,43
80,43
17,43
151,43
2,43
60,43
71,43
11,43
113,43
23,43
40,43
75,43
-46,43
85,43
10,43
-24,43
69,43
-73,43
32,43
37,43
-37,43
64,43
-26,43
65,43
48,43
-73,43
75,43
-40,43
-1,43
80,43
-53,43
70,43
21,43
13,43
164,43
9,43
108,43
69,43
5,43
145,43
-18,43
85,43
119,43
-2,43
150,43
85,43
85,43
128,43
25,43
154,43
51,43
-20,43
116,43
-37,43
60,43
33,43
-29,43
149,43
7,43
113,43
144,43
-2,43
133,43
-26,43
-12,43
116,43
-51,43
92,43
66,43
19,43
134,43
-27,43
83,43
27,43
-49,43
87,43
-18,43
50,43
52,43
-60,43
73,43
-20,43
-9,43
55,43
-61,43
65,43
20,43
-41,43
69,43
-18,43
103,43
85,43
25,43
121,43
3,43
70,43
68,43
-41,43
124,43
13,43
36,43
116,43
-11,43
140,43
70,43
48,43
160,43
9,43
109,43
69,43
-27,43
90,43
-11,43
35,43
56,43
-23,43
129,43
55,43
41,43
69,43
-39,43
74,43
-37,43
-40,43
80,43
-69,43
57,43
29,43
-24,43
105,43
-8,43
41,43
68,43
-37,43
87,43
-30,43
-25,43
56,43
-56,43
98,43
22,43
8,43
134,43
-21,43
58,43
34,43
-51,43
118,43
29,43
86,43
-2,50
50,50
101,50
-56,50
99,50
0,50
-27,50
99,50
-51,50
52,50
-3,50
-49,50
76,50
-49,50
71,50
64,50
-44,50
128,50
49,50
58,50
71,50
-56,50
72,50
18,50
23,50
150,50
-36,50
86,50
60,50
-24,50
72,50
-3,50
53,50
33,50
-62,50
49,50
-41,50
24,50
90,50
-60,50
72,50
12,50
-33,50
70,50
-67,50
37,50
-24,50
-33,50
69,50
-75,50
48,50
54,50
-28,50
145,50
27,50
36,50
51,50
-66,50
50,50
-11,50
-35,50
74,50
-55,50
65,50
6,50
-94,50
75,50
-39,50
21,50
56,50
-37,50
93,50
-34,50
-10,50
82,50
-98,50
52,50
-24,50
-39,50
91,50
-50,50
68,50
39,50
2,50
114,50
-11,50
66,50
53,50
-55,50
108,50
-2,50
9,50
42,50
-49,50
80,50
9,50
-35,50
60,50
-52,50
115,50
44,50
-23,50
119,50
-24,50
69,50
115,50
-7,50
149,50
29,50
37,50
145,50
-7,50
103,50
49,50
25,50
133,50
-38,50
84,50
68,50
-33,50
115,50
1,50
26,50
59,50
-26,50
123,50
-2,50
28,50
106,50
-43,50
99,50
56,50
29,50
129,50
19,50
106,50
88,50
1,50
108,50
-18,50
65,50
54,50
-33,50
83,50
-18,50
3,50
52,50
-83,50
59,50
1,50
0,50
131,50
-39,50
86,50
-10,50
-85,50
72,50
-18,50
70,50
29,50
-35,50
97,50
-41,50
-13,50
86,50
-59,50
117,50
34,50
9,50
118,50
-9,50
108,50
40,50
-18,50
124,50
-19,50
41,50
80,50
-42,50
84,50
-29,50
-22,50
76,50
-69,50
114,50
35,50
-5,50
128,50
-51,50
136,50
83,50
-12,50
144,50
-7,50
35,50
61,50
-57,50
114,50
16,50
-3,50
35,50
-87,50
64,50
26,50
-3,50
117,50
-40,50
102,50
87,50
20,50
144,50
-6,50
73,50
88,50
-67,50
101,50
3,50
6,50
38,50
-77,50
130,50
23,50
13,50
132,50
7,50
118,50
49,50
-18,50
115,50
-41,50
70,50
20,50
-65,50
132,50
8,50
-2,50
33,50
-109,50
49,50
-7,50
-45,50
84,50
-50,50
82,50
66,50
-2,50
117,50
0,50
61,50
100,50
-41,50
101,50
6,50
32,50
112,50
-46,50
6,50
96,50
-29,50
81,50
80,50
20,50
125,50
10,50
64,50
82,50
-56,50
81,50
-61,50
32,50
99,50
-37,50
119,50
22,50
-17,50
106,50
-28,50
58,50
10,50
-36,50
84,50
-25,50
51,50
54,50
-38,50
119,50
-14,50
50,50
80,50
-23,50
96,50
34,50
2,50
59,50
-75,50
33,50
32,50
7,50
139,50
5,50
106,50
106,50
-43,50
65,50
-3,50
28,50
49,50
-55,50
112,50
50,50
24,50
146,50
18,50
100,50
18,50
-23,50
104,50
-43,50
38,50
41,50
-51,50
103,50
-3,50
44,50
82,50
-9,50
131,50
9,50
-33,50
69,50
-55,50
74,50
52,50
-14,50
98,50
-17,50
58,50
60,50
-39,50
89,50
-37,50
20,50
100,50
-26,50
139,50
41,50
48,50
156,50
-9,50
112,50
65,50
7,50
138,50
-7,50
88,50
67,50
2,50
125,50
-28,50
51,50
100,50
-18,50
125,50
20,50
0,50
70,50
3,50
101,50
70,50
36,50
128,50
-17,50
51,50
49,50
-57,50
82,50
-8,50
11,50
74,50
-56,50
56,50
-5,50
-33,50
91,50
-44,50
86,50
21,50
-46,50
102,50
-65,50
24,50
24,50
-65,50
108,50
-1,50
53,50
81,50
-40,50
73,50
18,50
-26,50
45,50
-67,50
45,50
29,50
2,50
122,50
1,50
84,50
99,50
-10,50
114,50
-12,50
22,50
81,50
-34,50
74,50
8,50
-7,50
85,50
-36,50
97,50
51,50
-7,50
97,50
-18,50
74,50
43,50
-45,50
87,50
-38,50
10,50
54,50
-35,50
101,50
52,50
39,50
102,50
-26,50
54,50
20,50
-6,50
90,50
-58,50
70,50
89,50
-17,50
138,50
44,50
107,50
138,50
-9,50
93,50
-14,50
-1,50
99,50
-71,50
74,50
23,50
-27,50
99,50
-28,50
73,50
43,50
-6,50
116,50
-2,50
82,50
104,50
-51,50
123,50
25,50
-5,50
132,50
-25,50
70,50
51,50
-24,50
77,50
-49,50
37,50
53,50
-57,50
67,50
-19,50
38,50
100,50
-34,50
106,50
21,50
10,50
141,50
1,50
123,50
57,50
-18,50
124,50
-24,50
67,50
61,50
-57,50
75,50
8,50
28,50
66,50
-37,50
104,50
12,50
-17,50
36,50
-68,50
58,50
-46,77
43,77
49,77
-39,77
98,77
-22,77
27,77
28,77
-43,77
112,77
-23,77
5,77
71,77
-58,77
57,77
10,77
-7,77
58,77
-34,77
88,77
41,77
-43,77
105,77
-22,77
10,77
49,77
-50,77
82,77
-27,77
-10,77
75,77
-26,77
103,77
5,77
-43,77
96,77
-27,77
86,77
64,77
35,77
109,77
-5,77
90,77
106,77
0,77
128,77
44,77
29,77
107,77
0,77
108,77
60,77
28,77
107,77
-45,77
69,77
59,77
-27,77
115,77
-7,77
40,77
109,77
-37,77
141,77
54,77
19,77
89,77
-51,77
112,77
25,77
-3,77
102,77
-34,77
60,77
42,77
-21,77
118,77
4,77
51,77
35,77
-62,77
52,77
-57,77
-56,77
50,77
-38,77
74,77
65,77
7,77
107,77
1,77
107,77
144,77
32,77
122,77
-1,77
40,77
113,77
-5,77
117,77
20,77
11,77
115,77
-8,77
124,77
53,77
7,77
132,77
-8,77
83,77
17,77
-59,77
49,77
-55,77
55,77
81,77
-22,77
85,77
0,77
7,77
42,77
-27,77
99,77
36,77
9,77
87,77
-26,77
59,77
72,77
-17,77
91,77
-30,77
2,77
83,77
-46,77
83,77
-1,77
-4,77
84,77
-73,77
72,77
11,77
-13,77
121,77
-38,77
49,77
50,77
-38,77
153,77
12,77
40,77
109,77
-11,77
81,77
39,77
23,77
77,77
-38,77
133,77
81,77
9,77
105,77
-23,77
66,77
75,77
-20,77
116,77
11,77
57,77
89,77
-49,77
117,77
21,77
-2,77
99,77
-74,77
40,77
-18,77
-56,77
73,77
-57,77
20,77
53,77
-33,77
104,77
18,77
50,77
35,77
-61,77
105,77
34,77
10,77
81,77
-35,77
70,77
27,77
-19,77
91,77
-38,77
49,77
51,77
-54,77
88,77
-6,77
32,77
97,77
-42,77
100,77
21,77
9,77
99,77
-44,77
105,77
48,77
-8,77
129,77
-4,77
71,77
55,77
-35,77
116,77
-1,77
60,77
107,77
-19,77
128,77
51,77
27,77
112,77
-5,77
86,77
76,77
3,77
97,77
-40,77
29,77
27,77
-50,77
85,77
-25,77
20,77
69,77
-35,77
92,77
20,77
7,77
92,77
-59,77
50,77
41,77
-1,77
137,77
-40,77
54,77
90,77
-19,77
66,77
116,77
-24,77
130,77
18,77
25,77
101,77
-6,77
105,77
18,77
-30,77
113,77
-66,77
55,77
37,77
-27,77
104,77
-24,77
42,77
25,77
-41,77
117,77
5,77
28,77
83,77
-30,77
59,77
-3,77
-22,77
66,77
-55,77
55,77
74,77
-12,77
86,77
-2,77
80,77
97,77
-41,77
98,77
-9,77
-35,77
77,77
-9,77
107,77
35,77
42,77
137,77
-24,77
89,77
18,77
-26,77
132,77
-7,77
44,77
71,77
-45,77
89,77
0,77
23,77
74,77
-55,77
92,77
23,77
-19,77
68,77
-45,77
77,77
44,77
-35,77
115,77
-9,77
34,77
105,77
-41,77
89,77
-17,77
21,77
105,77
-35,77
102,77
58,77
-2,77
113,77
-27,77
89,77
44,77
-70,77
100,77
-28,77
35,77
43,77
-43,77
112,77
22,77
32,77
114,77
3,77
98,77
39,77
1,77
92,77
-5,77
99,77
81,77
12,77
146,77
26,77
22,77
66,77
-50,77
64,77
-6,77
-13,77
100,77
-52,77
53,77
-2,77
-49,77
53,77
-76,77
43,77
64,77
-25,77
97,77
-27,77
49,77
40,77
-76,77
114,77
26,77
12,77
74,77
-67,77
64,77
19,77
-30,77
85,77
-41,77
92,77
80,77
-8,77
145,77
16,77
59,77
114,77
-19,77
101,77
-6,77
12,77
99,77
-73,77
100,77
10,77
-51,77
75,77
-89,77
38,77
24,77
-38,77
112,77
-25,77
38,77
39,77
-75,77
75,77
-13,77
-7,77
86,77
-24,77
101,77
76,77
12,77
116,77
-69,77
48,77
71,77
-10,77
124,77
5,77
80,77
106,77
-28,77
113,77
0,77
9,77
86,77
-105,77
52,77
20,77
-5,77
132,77
-5,77
91,77
73,77
-6,77
107,77
-33,77
53,77
74,77
-83,77
90,77
-7,77
-19,77
59,77
-58,77
82,77
50,77
4,77
104,77
-20,77
43,77
42,77
-33,77
80,77
-19,77
64,77
102,77
-9,77
128,77
35,77
65,77
151,77
12,77
107,77
-11,77
-14,77
123,77
-4,77
90,77
54,77
-55,77
114,77
9,77
65,77
120,77
3,77
132,77
58,77
27,77
68,77
-23,77
114,77
12,77
-10,77
98,77
-54,77
60,77
83,77
-10,77
125,77
24,77
58,77
124,77
-2,77
64,77
-30,88
103,88
17,88
-22,88
84,88
-40,88
71,88
34,88
-25,88
93,88
-12,88
75,88
67,88
-84,88
73,88
-42,88
-20,88
60,88
-49,88
88,88
2,88
-23,88
68,88
-60,88
27,88
19,88
-17,88
115,88
-35,88
35,88
41,88
-49,88
97,88
17,88
49,88
83,88
-58,88
54,88
24,88
-2,88
83,88
-49,88
58,88
91,88
8,88
130,88
4,88
72,88
101,88
-12,88
114,88
-26,88
-37,88
88,88
-84,88
37,88
-1,88
-36,88
87,88
-36,88
40,88
-10,88
-27,88
125,88
-37,88
70,88
77,88
-52,88
86,88
26,88
52,88
93,88
-36,88
131,88
69,88
64,88
146,88
17,88
86,88
54,88
-11,88
83,88
-55,88
27,88
54,88
-62,88
70,88
-9,88
1,88
69,88
-33,88
90,88
20,88
11,88
99,88
-52,88
49,88
-4,88
-56,88
77,88
-33,88
59,88
72,88
-36,88
131,88
22,88
42,88
80,88
-36,88
83,88
29,88
-8,88
107,88
-5,88
89,88
91,88
9,88
125,88
7,88
52,88
91,88
-20,88
89,88
5,88
-9,88
64,88
-29,88
101,88
17,88
4,88
87,88
-61,88
51,88
24,88
-72,88
86,88
-46,88
20,88
58,88
-70,88
66,88
3,88
16,88
84,88
-59,88
102,88
59,88
-11,88
119,88
0,88
87,88
76,88
-40,88
98,88
-13,88
58,88
99,88
-10,88
96,88
-21,88
-1,88
108,88
-44,88
90,88
17,88
-14,88
90,88
-38,88
74,88
56,88
-20,88
107,88
10,88
100,88
91,88
10,88
147,88
52,88
56,88
134,88
22,88
144,88
58,88
35,88
112,88
-26,88
87,88
68,88
-34,88
102,88
1,88
55,88
82,88
-59,88
108,88
20,88
23,88
109,88
-25,88
97,88
22,88
-43,88
68,88
-51,88
72,88
37,88
-41,88
91,88
-29,88
21,88
42,88
-55,88
80,88
3,88
24,88
50,88
-86,88
71,88
50,88
-4,88
82,88
-17,88
71,88
24,88
-30,88
119,88
5,88
44,88
84,88
-49,88
101,88
1,88
22,88
117,88
-42,88
89,88
32,88
1,88
124,88
-21,88
81,88
40,88
-21,88
82,88
-22,88
60,88
49,88
-72,88
81,88
-29,88
-8,88
70,88
-39,88
100,88
56,88
33,88
121,88
65,88
-22,88
132,88
6,88
35,88
71,88
-33,88
88,88
-36,88
6,88
74,88
-19,88
129,88
56,88
33,88
93,88
-81,88
57,88
58,88
-14,88
68,88
-18,88
86,88
106,88
-8,88
140,88
26,88
19,88
76,88
-42,88
74,88
8,88
-4,88
75,88
-50,88
67,88
36,88
-5,88
97,88
-8,88
75,88
48,88
-44,88
88,88
3,88
57,88
104,88
-33,88
130,88
43,88
-14,88
59,88
-45,88
29,88
24,88
-20,88
102,88
-1,88
67,88
107,88
-3,88
121,88
10,88
54,88
106,88
-41,88
96,88
43,88
38,88
137,88
-33,88
99,88
44,88
-9,88
130,88
-36,88
44,88
36,88
-51,88
117,88
-2,88
37,88
101,88
-23,88
104,88
17,88
-19,88
70,88
-60,88
24,88
40,88
-21,88
112,88
20,88
98,88
112,88
-28,88
108,88
25,88
22,88
93,88
-23,88
117,88
18,88
-28,88
91,88
-33,88
43,88
33,88
-8,88
66,88
-33,88
40,88
39,88
-53,88
82,88
-17,88
24,88
36,88
-89,88
80,88
32,88
1,88
116,88
-51,88
36,88
38,88
-39,88
86,88
-42,88
39,88
73,88
-28,88
81,88
-22,88
-17,88
123,88
-44,88
73,88
29,88
3,88
103,88
4,88
104,88
65,88
-9,88
112,88
-9,88
35,88
88,88
-20,88
118,88
41,88
49,88
105,88
16,88
145,88
66,88
26,88
120,88
-12,88
74,88
74,88
-20,88
132,88
8,88
25,88
102,88
-21,88
69,88
-13,88
17,88
97,88
-49,88
34,88
-1,88
6,88
90,88
-29,88
88,88
41,88
-38,88
114,88
-19,88
41,88
24,88
-69,88
58,88
-39,88
13,88
53,88
-88,88
65,88
12,88
-35,88
68,88
-58,88
60,88
42,88
-36,88
97,88
-34,88
36,88
84,88
-37,88
108,88
4,88
-13,88
58,88
-45,88
88,88
-6,88
-36,88
77,88
-61,88
36,88
28,88
-22,88
83,88
-58,88
27,88
34,88
-77,88
64,88
-6,88
-27,88
59,88
-7,88
107,88
9,88
17,88
107,88
-43,88
92,88
81,88
-17,88
88,88
-9,88
40,88
81,88
-11,88
121,88
26,88
55,88
117,88
-41,88
97,88
26,88
-9,88
101,88
-21,88
90,88
45,88
-8,88
118,88
-39,88
101,88
-7,88
75,88
113,88
-33,88
104,88
41,88
19,88
96,88
-8,88
96,88
22,88
-40,88
98,88
-36,88
24,88
50,88
-11,88
141,88
12,88
18,88
76,88
-12,88
97,88
6,88
11,88
92,88
-33,88
96,88
66,88
-23,88
101,88
-40,88
52,88
88,88
-26,88
123,88
17,88
58,88
93,88
-59,88
90,88
-17,88
-10,88
82,88
-34,88
103,88
19,88
-27,88
99,88
-28,88
57,88
58,88
-37,88
116,88
7,88
16,88
72,88
-35,88
102,88
38,88
26,88
83,88
-40,88
80,88
54,88
-3,88
103,88
-17,88
69,88
83,88
-18,88
120,88
-5,88
0,88
101,88
-18,88
102,88
8,88
-4,88
81,88
-78,88
33,88
-2,88
-76,88
54,88
-43,88
66,88
72,88
-28,88
114,88
33,88
58,88
82,88
-43,88
115,88
67,88
54,88
139,88
11,88
103,88
99,88
-9,88
117,88
35,88
83,88
77,88
-49,88
69,88
-34,88
11,88
106,88
-59,88
86,88
-6,88
-33,88
103,88
-45,88
75,88
29,88
-33,88
117,88
3,88
77,88
58,88
-30,88
104,88
-9,88
24,88
59,88
-46,88
86,88
20,88
-8,88
70,88
-41,88
54,88
49,88
-17,88
57,88
-52,88
36,88
23,88
-59,88
92,88
-14,88
-24,88
66,88
-54,88
65,88
3,88
4,88
67,88
-70,88
53,88
4,88
-34,88
100,88
-23,88
68,88
25,88
-57,88
119,88
0,88
57,88
89,88
-27,88
96,88
67,88
34,88
139,88
16,88
83,88
37,88
-12,88
108,88
-44,88
22,88
93,88
-12,88
115,88
64,88
90,88
101,88
-75,88
103,88
12,88
-11,88
86,88
-50,88
57,88
22,88
-28,88
130,88
1,88
36,88
44,88
-37,88
97,88
-1,88
5,88
41,88
-49,88
103,88
43,88
13,88
73,88
-60,88
35,88
12,88
-50,88
101,88
4,88
90,88
108,88
6,88
116,88
4,88
39,88
84,88
-52,88
68,88
-22,88
-39,88
87,88
-41,88
101,88
39,88
-5,88
135,88
-27,88
53,88
65,88
-25,88
108,88
-18,88
8,88
80,88
-50,88
59,88
22,88
-7,88
87,88
-39,88
55,88
39,88
-37,88
98,88
-5,88
25,88
74,88
-29,88
91,88
-13,88
8,88
108,88
-36,88
107,88
64,88
36,88
139,88
-37,88
85,88
67,88
-6,88
106,88
2,88
53,88
52,88
-24,88
128,88
25,88
37,88
9,88
-38,88
112,88
71,88
66,88
134,88
2,88
65,88
32,88
-44,88
52,88
-61,88
11,88
49,88
-44,88
100,88
-28,88
8,88
121,88
-44,88
128,88
50,88
-21,88
72,88
-58,88
87,88
54,88
3,88
122,88
3,88
64,88
67,88
-45,88
37,88
-17,88
42,88
60,88
-1,88
116,88
48,88
32,88
98,88
-5,88
112,88
76,88
-38,88
88,88
-17,88
55,88
116,88
-67,88
70,88
-6,88
-40,88
23,88
-101,88
39,88
-18,88
-6,88
121,88
1,88
101,88
75,88
-13,88
129,88
6,88
54,88
69,88
-14,88
99,88
44,88
71,88
49,88
-67,88
105,88
77,88
16,88
124,88
5,88
88,88
59,88
-4,88
131,88
-9,88
52,88
54,88
-46,88
91,88
20,88
-56,88
118,88
-22,88
67,88
43,88
34,88
89,88
-75,88
55,88
51,88
-5,88
99,88
-3,88
44,88
72,88
-40,88
84,88
-13,88
-8,88
51,88
-52,88
83,88
23,88
0,88
116,88
-23,88
82,88
75,88
-33,88
83,88
-23,88
41,88
71,88
-40,88
112,88
-23,88
-30,88
69,88
-51,88
57,88
36,88
38,88
116,88
-21,88
65,88
19,88
-60,88
72,88
-41,88
50,88
68,88
-53,88
101,88
29,88
22,88
96,88
-13,88
104,88
51,88
-20,88
72,88
-34,88
66,88
43,88
-53,88
89,88
-23,88
17,88
61,88
-35,88
82,88
-19,88
-18,88
65,88
-10,88
116,88
44,88
1,88
85,88
-34,88
57,88
50,88
-21,88
87,88
-27,88
32,88
37,88
-39,88
171,88
58,88
56,88
123,88
-3,88
66,88
40,88
3,88
96,88
-56,88
20,88
72,88
7,88
132,88
-8,88
44,88
101,88
-13,88
134,88
72,88
26,88
104,88
-9,88
96,88
22,88
-11,88
141,88
-23,88
80,88
57,88
-56,88
139,88
3,88
21,88
69,88
-39,88
112,88
12,88
24,88
108,88
-34,88
83,88
24,88
-49,88
60,88
-51,88
40,88
37,88
-12,88
99,88
-20,88
22,88
112,88
-17,88
114,88
11,88
22,88
85,88
4,88
125,88
35,88
-28,88
84,88
51,88
-42,88
77,88
-10,88
-12,88
42,88
20,88
99,88
10,88
33,88
88,88
-50,88
80,88
5,88
-18,88
83,88
-37,88
70,88
42,88
1,88
125,88
-9,88
97,88
60,88
-22,88
122,88
11,88
36,88
87,88
-51,88
96,88
41,88
-2,88
84,88
-43,88
53,88
54,88
-35,88
85,88
-13,88
55,88
74,88
-27,88
98,88
4,88
28,88
121,88
-36,88
118,88
27,88
-18,88
97,88
-67,88
34,88
-33,88
-82,88
83,88
-13,88
45,88
89,88
-22,88
117,88
32,88
26,88
89,88
-7,88
121,88
49,88
6,88
104,88
-27,88
91,88
64,88
-69,88
59,88
-21,88
42,88
68,88
-35,88
97,88
1,88
32,88
98,88
-10,88
98,88
26,88
6,88
102,88
-28,88
55,88
32,88
-20,88
115,88
-4,88
67,88
64,88
-55,88
65,88
2,88
37,88
93,88
-26,88
104,88
50,88
3,88
83,88
-33,88
53,88
43,88
-52,88
83,88
-19,88
29,88
73,88
-46,88
92,88
-7,88
25,88
104,88
-27,88
93,88
25,88
-20,88
116,88
-17,88
75,88
57,88
-18,88
108,88
-14,88
51,88
68,88
4,88
151,88
49,88
73,88
83,88
-18,88
149,88
57,88
12,88
99,88
-27,88
51,88
83,88
-19,88
75,88
-49,88
37,88
90,88
-56,88
73,88
-13,88
-19,88
58,88
-75,88
36,88
4,88
4,88
102,88
-53,88
66,88
48,88
-49,88
137,88
27,88
76,88
84,88
-17,88
103,88
8,88
51,88
100,88
-26,88
102,88
35,88
-37,88
120,88
-38,88
84,88
70,88
-19,88
114,88
-11,88
12,88
83,88
-45,88
24,88
-10,88
23,88
102,88
-21,88
107,88
51,88
6,88
115,88
-44,88
64,88
17,88
-78,88
119,88
-27,88
52,88
53,88
-56,88
96,88
19,88
8,88
81,88
-55,88
73,88
44,88
19,88
97,88
-56,88
5,88
39,88
-34,88
91,88
17,88
96,88
97,88
-37,88
81,88
12,88
29,88
92,88
-36,88
122,88
36,88
8,88
156,88
-8,88
85,88
56,88
-37,88
123,88
17,88
33,88
42,88
-30,88
33,88
4,88
27,88
74,88
-28,88
113,88
9,88
-85,88
44,88
-60,88
54,88
68,88
-44,88
68,97
-49,97
92,97
11,97
49,97
99,97
-35,97
104,97
39,97
11,97
106,97
4,97
92,97
45,97
-42,97
90,97
-43,97
50,97
101,97
-24,97
104,97
10,97
33,97
117,97
-12,97
105,97
17,97
-25,97
99,97
-35,97
64,97
-51,97
-103,97
48,97
-75,97
0,97
41,97
-20,97
138,97
39,97
76,97
113,97
-12,97
119,97
55,97
16,97
71,97
-67,97
86,97
73,97
-19,97
116,97
1,97
71,97
90,97
-44,97
98,97
16,97
26,97
76,97
-70,97
58,97
-7,97
43,97
105,97
-81,97
86,97
35,97
-41,97
112,97
-29,97
53,97
24,97
-66,97
120,97
6,97
20,97
88,97
-28,97
91,97
57,97
-5,97
87,97
-39,97
75,97
55,97
-66,97
51,97
-85,97
-34,97
80,97
-34,97
129,97
6,97
-17,97
74,97
-33,97
71,97
24,97
32,97
77,97
-76,97
84,97
60,97
-8,97
128,97
-11,97
74,97
89,97
-77,97
117,97
51,97
33,97
87,97
-23,97
105,97
49,97
-1,97
117,97
-7,97
75,97
84,97
-1,97
107,97
-5,97
82,97
88,97
-77,97
168,97
23,97
5,97
102,97
-40,97
67,97
17,97
-5,97
114,97
-36,97
91,97
48,97
-37,97
160,97
-2,97
23,97
41,97
-53,97
54,97
-7,97
18,97
28,97
-78,97
48,97
-1,97
-43,97
84,97
-50,97
104,97
117,97
-9,97
102,97
-9,97
18,97
65,97
-57,97
92,97
8,97
-8,97
81,97
-39,97
72,97
42,97
-4,97
124,97
-14,97
103,97
72,97
-20,97
125,97
-5,97
51,97
87,97
-56,97
58,97
-12,97
-1,97
60,97
-76,97
17,97
40,97
32,97
106,97
10,97
75,97
83,97
5,97
99,97
6,97
40,97
85,97
-36,97
85,97
-12,97
41,97
71,97
-60,97
71,97
44,97
-14,97
100,97
-11,97
49,97
71,97
-28,97
102,97
7,97
16,97
52,97
-121,97
98,97
52,97
4,97
84,97
-71,97
119,97
83,97
-21,97
121,97
-7,97
38,97
29,97
-40,97
107,97
2,97
50,97
109,97
12,97
124,97
23,97
53,97
101,97
-76,97
71,97
35,97
-27,97
83,97
-29,97
69,97
42,97
-23,97
116,97
22,97
32,97
92,97
-27,97
76,97
13,97
-59,97
64,97
-33,97
-77,97
1,97
-71,97
21,97
54,97
-10,97
138,97
24,97
100,97
81,97
-36,97
115,97
-2,97
-18,97
-12,97
-33,97
117,97
33,97
1,97
114,97
-38,97
38,97
57,97
-37,97
67,97
-66,97
2,97
43,97
-34,97
132,97
34,97
42,97
121,97
-13,97
89,97
12,97
56,97
145,97
-19,97
80,97
39,97
-13,97
90,97
-33,97
22,97
64,97
12,97
83,97
-1,97
51,97
73,97
-38,97
87,97
66,97
-21,97
90,97
-20,97
61,97
48,97
-49,97
109,97
3,97
8,97
123,97
-4,97
86,97
11,97
57,97
113,97
-54,97
91,97
24,97
7,97
116,97
-22,97
92,97
51,97
-13,97
123,97
-8,97
11,97
104,97
0,97
102,97
34,97
68,97
108,97
-33,97
90,97
42,97
-30,97
65,97
-59,97
44,97
59,97
-7,97
75,97
-8,97
25,97
83,97
1,97
122,97
20,97
18,97
56,97
-35,97
86,97
29,97
-11,97
122,97
-36,97
36,97
56,97
-20,97
92,97
-44,97
71,97
28,97
-98,97
98,97
8,97
39,97
61,97
-57,97
83,97
39,97
-22,97
85,97
-19,97
71,97
40,97
-69,97
93,97
-30,97
98,97
105,97
-42,97
83,97
2,97
-40,97
51,97
-13,97
87,97
12,97
5,97
99,97
10,97
119,97
35,97
-13,97
105,97
-17,97
59,97
61,97
-43,97
114,97
32,97
-9,97
21,97
-7,97
168,97
75,97
7,97
133,97
-6,97
11,97
9,97
-22,97
106,97
-55,97
21,97
76,97
-161,97
138,97
38,97
12,97
154,97
0,97
97,97
29,97
-8,97
83,97
-75,97
64,97
13,97
-86,97
71,97
-14,97
40,97
70,97
-40,97
82,97
17,97
12,97
83,97
-23,97
85,97
16,97
-24,97
85,97
-53,97
69,97
27,97
3,97
66,97
-13,97
42,97
112,97
-42,97
88,97
7,97
13,97
122,97
-18,97
56,97
13,97
-1,97
74,97
4,97
97,97
42,97
-20,97
138,97
-5,97
20,97
9,97
-124,97
42,97
6,97
-13,97
98,97
-37,97
130,97
66,97
0,97
121,97
-19,97
68,97
41,97
-52,97
100,97
-33,97
16,97
99,97
-2,97
118,97
1,97
21,97
71,97
27,97
129,97
65,97
17,97
75,100
-20,100
83,100
-10,100
39,100
84,100
-62,100
80,100
8,100
27,100
105,100
-3,100
166,100
44,100
-11,100
134,100
-8,100
83,100
48,100
-40,100
109,100
-38,100
49,100
84,100
-23,100
85,100
-3,100
18,100
86,100
-52,100
104,100
67,100
-26,100
66,100
5,100
84,100
80,100
9,100
112,100
-24,100
48,100
71,100
-76,100
124,100
12,100
10,100
105,100
-35,100
93,100
51,100
22,100
144,100
22,100
82,100
89,100
-2,100
102,100
-1,100
67,100
87,100
-40,100
101,100
-28,100
60,100
96,100
-24,100
119,100
57,100
-17,100
98,100
-28,100
84,100
80,100
-5,100
82,100
-44,100
40,100
98,100
-28,100
114,100
21,100
18,100
108,100
-10,100
96,100
2,100
-33,100
136,100
-39,100
52,100
40,100
-38,100
99,100
-5,100
42,100
86,100
-8,100
74,100
-22,100
-7,100
69,100
-66,100
69,100
36,100
-33,100
67,100
-27,100
68,100
49,100
-30,100
105,100
-8,100
33,100
74,100
-56,100
72,100
-3,100
-21,100
117,100
-49,100
37,100
22,100
1,100
117,100
-29,100
59,100
49,100
-26,100
120,100
-9,100
3,100
87,100
-57,100
58,100
9,100
23,100
92,100
-12,100
81,100
75,100
10,100
122,100
-2,100
44,100
48,100
-29,100
105,100
-1,100
75,100
117,100
-17,100
140,100
5,100
5,100
145,100
-29,100
69,100
33,100
-53,100
96,100
-29,100
60,100
38,100
10,100
154,100
17,100
44,100
65,100
-81,100
82,100
26,100
-34,100
-3,100
-4,100
107,100
57,100
-20,100
97,100
-52,100
-3,100
68,100
-46,100
56,100
-29,100
-7,100
76,100
-34,100
97,100
24,100
13,100
113,100
-25,100
51,100
7,100
-2,100
80,100
-34,100
113,100
39,100
-68,100
67,100
-75,100
-65,100
32,100
-57,100
106,100
74,100
76,100
132,100
20,100
115,100
129,100
28,100
99,100
9,100
80,100
102,100
-10,100
138,100
-10,100
25,100
92,100
-8,100
106,100
26,100
2,100
80,100
-65,100
81,100
42,100
-25,100
144,100
-5,100
48,100
34,100
-99,100
58,100
-29,100
40,100
85,100
-3,100
137,100
55,100
6,100
67,100
-22,100
60,100
53,100
-69,100
87,100
-49,100
9,100
27,100
-60,100
88,100
-11,100
-36,100
102,100
21,100
32,100
51,100
-25,100
88,100
71,100
-9,100
74,100
-30,100
60,100
68,100
-46,100
93,100
-2,100
-19,100
69,100
-5,100
90,100
40,100
69,100
150,100
-24,100
102,100
19,100
-25,100
112,100
-54,100
57,100
60,100
-39,100
100,100
-27,100
10,100
77,100
-27,100
102,100
-19,100
-35,100
85,100
-58,100
37,100
136,100
52,100
81,100
-71,100
39,100
-38,100
-316,100
83,100
122,100
25,100
-17,100
-345,100
-25,100
-302,100
-491,100
-405,100
-779,100
-1080,100
-1265,100
-1462,100
-1381,100
-1561,100
-1561,100
-1637,100
-1646,100
-1401,100
-1398,100
-1194,100
-1029,100
-1043,100
-746,100
-581,100
-441,100
-280,100
-294,100
2,100
60,100
80,100
272,100
246,100
371,100
419,100
406,100
570,100
498,100
568,100
651,100
549,100
696,100
627,100
645,100
749,100
584,100
714,100
705,100
627,100
730,100
593,100
721,100
721,100
592,100
714,100
651,100
725,100
713,100
629,100
715,100
651,100
562,100
629,100
481,100
569,100
538,100
427,100
508,100
340,100
506,100
475,100
345,100
472,100
314,100
327,100
384,100
261,100
385,100
278,100
234,100
265,100
181,100
281,100
252,100
195,100
309,100
118,100
210,100
176,100
103,100
228,100
75,100
169,100
57,100
87,100
152,100
1,100
75,100
58,100
43,100
100,100
-6,100
66,100
2,100
-66,100
37,100
-55,100
-87,100
-33,100
-21,100
5,100
-56,100
17,100
43,100
-132,100
-23,100
-157,100
-27,100
-4,100
-195,100
-67,100
-70,100
-184,100
-23,100
-108,100
-12,100
18,100
-174,100
68,100
-69,100
-42,100
185,100
-67,100
20,100
7,100
-38,100
103,100
-58,100
90,100
59,100
-18,100
146,100
33,100
93,100
104,100
-38,100
150,100
18,100
-21,100
51,100
-6,100
80,100
43,100
43,100
104,100
-30,100
70,100
77,100
17,100
169,100
-5,100
61,100
115,100
-84,100
67,100
19,100
4,100
99,100
-26,100
71,100
0,100
9,100
172,100
-14,100
118,100
91,100
41,100
169,100
42,100
105,100
87,100
-3,100
107,100
35,100
85,100
144,100
18,100
133,100
39,100
-24,100
69,100
3,100
42,100
35,100
5,100
52,100
-18,100
48,100
123,100
-1,100
60,100
3,100
-59,100
50,100
-77,100
129,100
135,100
16,100
99,100
65,100
-7,100
51,100
-118,100
-18,100
-39,100
-107,100
50,100
-98,100
-70,100
22,100
-165,100
-90,100
-88,100
-83,100
123,100
-42,100
98,100
-45,100
-51,100
128,100
-54,100
-3,100
39,100
-145,100
-53,100
-138,100
-146,100
-26,100
-138,100
-45,100
-123,100
-186,100
-38,100
-141,100
34,100
22,100
-54,100
99,100
-23,100
37,100
83,100
45,100
153,100
84,100
125,100
162,100
11,100
147,100
64,100
54,100
210,100
34,100
116,100
199,100
102,100
260,100
135,100
176,100
152,100
22,100
149,100
44,100
45,100
101,100
-4,100
149,100
128,100
70,100
163,100
54,100
122,100
102,100
82,100
156,100
75,100
69,100
93,100
-101,100
112,100
40,100
59,100
165,100
-9,100
157,100
55,100
-2,100
116,100
39,100
104,100
42,100
-92,100
137,100
28,100
18,100
60,100
-21,100
75,100
-21,100
19,100
88,100
-27,100
82,100
-1,100
8,100
83,100
-40,100
23,100
29,100
39,100
77,100
27,100
145,100
149,100
24,100
121,100
-5,100
-10,100
-13,100
-171,100
-22,100
-72,100
-140,100
-78,100
-219,100
-149,100
-203,100
-289,100
35,100
-218,100
-193,100
-178,100
-349,100
-203,100
-297,100
-312,100
-182,100
-265,100
-197,100
-210,100
-241,100
-152,100
-308,100
-203,100
-186,100
-234,100
-101,100
-206,100
-133,100
-99,100
-177,100
-55,100
-136,100
-65,100
97,100
-67,100
91,100
97,100
41,100
157,100
39,100
156,100
163,100
82,100
267,100
166,100
129,100
234,100
98,100
266,100
228,100
166,100
250,100
136,100
250,100
203,100
185,100
339,100
138,100
165,100
169,100
170,100
276,100
137,100
219,100
263,100
101,100
263,100
134,100
114,100
266,100
93,100
240,100
240,100
117,100
194,100
97,100
176,100
171,100
96,100
249,100
146,100
99,100
97,100
77,100
202,100
13,100
228,100
235,100
89,100
198,100
101,100
162,100
86,100
91,100
186,100
59,100
85,100
161,100
17,100
118,100
136,100
101,100
117,100
39,100
199,100
102,100
42,100
123,100
-14,100
106,100
60,100
-26,100
117,100
-20,100
4,100
56,100
-50,100
91,100
0,100
27,100
82,100
-25,100
99,100
27,100
33,100
146,100
-7,100
70,100
60,100
-34,100
98,100
-12,100
-57,100
61,100
-11,100
83,100
92,100
-7,100
103,100
-34,100
-43,100
103,100
-62,100
16,100
17,100
-106,100
59,100
3,100
64,100
80,100
-54,100
56,100
-41,100
17,100
123,100
-10,100
97,100
23,100
3,100
20,100
-54,100
99,100
65,100
-57,100
108,100
-19,100
42,100
119,100
-43,100
69,100
1,100
65,100
87,100
-53,100
89,100
-14,100
-37,100
76,100
-50,100
65,100
76,100
-1,100
148,100
19,100
76,100
41,100
-40,100
87,100
-57,100
-1,100
-9,100
-73,100
-20,100
22,100
23,100
124,100
16,100
76,100
68,100
-84,100
37,100
-36,100
-27,100
-46,100
-188,100
-88,100
-103,100
-53,100
72,100
-59,100
7,100
-2,100
4,100
58,100
-83,100
75,100
55,100
-3,100
115,100
-67,100
-101,100
13,100
-120,100
58,100
-36,100
10,100
56,100
-24,100
106,100
160,100
107,100
185,100
22,100
119,100
164,100
18,100
99,100
28,100
89,100
122,100
-44,100
134,100
-53,100
-36,100
115,100
-40,100
26,100
-2,100
-67,100
48,100
-55,100
-11,100
-77,100
-77,100
64,100
-49,100
-5,100
60,100
-67,100
54,100
-57,100
60,100
133,100
-74,100
117,100
68,100
-7,100
104,100
-5,100
102,100
51,100
-56,100
100,100
-54,100
6,100
86,100
-57,100
97,100
84,100
16,100
144,100
-21,100
107,100
25,100
-24,100
118,100
4,100
107,100
101,100
-3,100
179,100
-44,100
43,100
102,100
-45,100
144,100
36,100
49,100
89,100
-94,100
76,100
68,100
-46,100
115,100
-1,100
56,100
71,100
-68,100
23,100
-49,100
25,100
18,100
-107,100
102,100
-92,100
-61,100
54,100
-118,100
-18,100
-22,100
-53,100
11,100
-133,100
1,100
-61,100
-98,100
45,100
-45,100
-40,100
-19,100
-145,100
-10,100
-62,100
-42,100
66,100
-107,100
131,100
65,100
-19,100
122,100
17,100
85,100
93,100
-27,100
89,100
7,100
38,100
37,100
-4,100
134,100
12,100
-27,100
106,100
-6,100
69,100
69,100
54,100
183,100
3,100
72,100
61,100
-20,100
160,100
103,100
104,100
100,100
9,100
81,100
89,100
49,100
211,100
-39,100
74,100
37,100
-5,100
151,100
4,100
77,100
116,100
18,100
183,100
88,100
43,100
54,100
-9,100
60,100
-34,100
-10,100
33,63
-83,63
-24,63
-148,63
59,63
55,63
-62,63
27,63
-37,63
53,63
39,63
-105,63
24,63
25,63
-54,63
39,63
24,63
134,63
58,63
29,63
54,63
-23,63
-68,63
85,63
20,63
192,63
10,63
48,63
34,63
-100,63
72,63
-14,63
12,63
71,63
-82,63
71,63
-1,63
18,63
105,63
-94,63
92,63
71,63
-155,63
35,63
-26,63
9,63
90,63
43,63
164,63
45,63
52,63
121,63
71,63
51,63
93,63
98,63
167,63
53,63
180,63
118,63
10,63
171,63
66,63
101,63
124,63
34,63
85,63
25,63
-6,63
43,63
-67,63
2,63
-26,63
-12,63
92,63
-35,63
55,63
103,63
-20,63
114,63
21,63
113,63
188,63
96,63
169,63
-29,63
21,63
97,63
-45,63
167,63
18,63
-24,63
65,63
11,63
137,63
90,63
56,63
148,63
-11,63
69,63
72,63
37,63
98,63
-51,63
-105,63
53,63
-46,63
42,63
65,63
-13,63
44,63
-74,63
18,63
61,63
-13,63
68,63
-70,63
120,63
140,63
-72,63
125,63
24,63
80,63
102,63
-66,63
99,63
75,63
-21,63
121,63
-162,63
4,63
-168,63
-359,63
-408,63
-649,63
-723,63
-827,63
-1164,63
-877,63
-939,63
-993,63
-786,63
-740,63
-397,63
-486,63
-436,63
-158,63
-225,63
-8,63
211,63
315,63
541,63
524,63
660,63
820,63
695,63
837,63
682,63
681,63
906,63
771,63
794,63
861,63
769,63
843,63
710,63
809,63
871,63
801,63
914,63
684,63
690,63
748,63
592,63
672,63
538,63
456,63
501,63
165,63
252,63
176,63
121,63
280,63
113,63
204,63
214,63
-66,63
-36,63
-39,63
-98,63
-85,63
-206,63
-189,63
-282,63
-531,63
-133,63
-242,63
-411,63
-243,63
-453,63
-621,63
-539,63
-665,63
-587,63
-716,63
-822,63
-678,63
-956,63
-851,63
-914,63
-915,63
-826,63
-930,63
-775,63
-828,63
-1001,63
-924,63
-1058,63
-946,63
-903,63
-857,63
-678,63
-582,63
-614,63
-514,63
-617,63
-518,63
-521,63
-530,63
-411,63
-412,63
-122,63
-140,63
-168,63
-43,63
-190,63
-183,63
-201,63
-276,63
-82,63
-137,63
-82,63
-28,63
-264,63
-149,63
-149,63
-140,63
-99,63
-252,63
-158,63
-225,63
-297,63
-152,63
-169,63
3,63
-17,63
76,48
282,48
167,48
316,48
380,48
468,48
624,48
488,48
707,48
688,48
672,48
849,48
674,48
828,48
867,48
755,48
933,48
853,48
848,48
888,48
774,48
864,48
784,48
777,48
778,48
608,48
739,48
679,48
634,48
739,48
597,48
598,48
624,48
500,48
651,48
508,48
552,48
555,48
426,48
552,48
392,48
355,48
410,48
285,48
416,48
278,48
228,48
345,48
120,48
219,48
233,48
140,48
267,48
149,48
208,48
204,48
106,48
282,48
187,48
166,48
185,48
35,48
119,48
91,48
90,48
166,48
74,48
147,48
179,48
61,48
168,48
51,48
50,48
141,48
9,48
129,48
70,48
57,48
148,48
37,48
129,48
98,48
3,48
109,48
-10,48
50,48
43,48
-66,48
65,48
-29,48
24,48
57,48
-37,48
67,48
-43,48
-77,48
-3,48
-94,48
85,48
-30,48
-39,48
58,48
-67,48
-17,48
8,48
-74,48
59,48
-72,48
-41,48
10,48
-125,48
27,48
-27,48
-71,48
51,48
-72,48
36,48
1,48
-56,48
66,48
-83,48
-14,48
-8,48
-142,48
8,48
-72,48
-28,48
-11,48
-88,48
19,48
-62,48
-42,48
37,48
-68,48
17,48
-7,48
-72,48
27,48
-52,48
44,48
0,48
-66,48
49,48
-54,48
28,48
69,48
-69,48
69,48
4,48
1,48
93,48
-39,48
38,48
-30,48
-38,48
70,48
-25,48
74,48
37,48
-100,48
54,48
-44,48
-18,48
29,48
-70,48
73,48
-46,48
-24,48
80,48
-53,48
72,48
50,48
-27,48
49,48
-89,48
26,48
11,48
-89,48
44,48
-56,48
-22,48
9,48
-82,48
64,48
-41,48
-62,48
59,48
-114,48
-45,48
1,48
-22,48
116,48
0,48
55,48
-9,48
-123,48
118,48
11,48
98,48
162,48
21,48
