Delta,Theta,Alpha,Beta,Gamma,Attention
6.22207045569,4.97427299885,4.85265752057,10.8666724474,4.53014070151,1
4.11659244823,2.43954760614,2.01252506364,4.94620367336,2.30565972532,1
5.17149343265,2.57576372573,1.03046651546,2.26755560582,1.1063970614,1
6.2026314255,2.46316083542,0.476390254491,0.74444302558,0.339790731136,1
6.77207307424,2.39806734761,0.315938697538,0.37275972638,0.145061897367,1
7.02062280315,2.3071139788,0.254518064868,0.272111441139,0.0899998258431,1
7.1382552703,2.21132578544,0.232536082111,0.25668770097,0.0786232541352,1
6.9744521488,2.05660449342,0.238673452465,0.284698253666,0.0918672102362,1
6.51481549521,1.8653679716,0.307089508812,0.381179134604,0.14487120429,1
5.42166512527,1.67580637507,0.527955845865,0.655632636832,0.299701973636,1
4.00583335324,1.91260850194,1.05534717043,1.4764135144,0.69993125177,1
4.25057420134,3.44221835466,2.05936652636,3.95429245051,1.59208334248,1
4.33098036542,3.87097472544,2.45465247013,5.73722672106,1.96786526265,1
4.35311902387,3.98605994198,3.33544670418,7.11270301356,2.37209936672,1
3.34421126161,3.08907795077,3.6799713114,6.01320066977,2.25013643597,1
2.96008060921,2.745368104,4.34222534707,5.24722805007,2.41113462337,1
2.86016717264,2.60574299158,4.87887880494,4.64934426331,2.66839717894,1
3.77620218486,3.11332246486,6.51165971234,5.63450879703,3.79122773392,1
4.52374512066,3.40580610559,7.29061701195,7.05208235562,4.88704914053,1
4.09231039965,3.12135505568,6.38188281846,7.71020080706,5.24204213955,1
3.20803193975,2.45592734852,4.62057887724,7.17748904469,4.8291507365,1
3.6694805423,2.61465125447,4.09930083546,8.10313378981,5.35879213006,1
4.83802429421,3.15401629836,4.00865200634,9.35311188665,5.59185711271,1
6.48530900593,4.57523118384,4.91885530481,11.8153247997,5.78844291452,1
4.97185913986,4.73136424035,4.51397645573,9.91101631888,3.99104613078,1
2.77531119162,4.08639456391,3.51660177929,6.79028294373,2.61958076565,1
1.69188745461,3.7012571407,3.15277325786,5.20887219027,2.2466836615,1
1.41971332319,3.36997338742,3.32791318153,4.6442468057,2.27196325615,1
1.6975534839,2.92196152566,3.63013343099,4.38984243214,2.30076074361,1
2.2881271199,2.70731677357,3.75175659663,4.18421825596,2.31422737422,1
3.05254727533,2.940763074,3.73110473688,4.15712564088,2.43727905612,1
4.526888569,3.3210351249,3.73035789657,4.33124586834,2.57724694483,1
3.9139827567,1.29891308131,1.61143307829,1.71574854777,0.91068146965,1
4.57158459818,0.685738882639,0.945291438209,0.851407861827,0.371968659157,1
4.9865157638,0.510394194054,0.636281098825,0.525771239575,0.198261467482,1
4.69751200832,0.436190763115,0.4243840467,0.357171649079,0.131474357814,1
4.23675599981,0.436371792184,0.305015275172,0.282307263855,0.113350883481,1
3.82277104567,0.552082668968,0.262671487976,0.274821708942,0.125272307335,1
4.14367564196,0.906565182318,0.332791481878,0.359180218783,0.174649646294,1
4.02391296908,0.881187295336,0.288608883682,0.29824971866,0.131897704753,1
4.94500334889,0.793049395481,0.248708308398,0.255729598033,0.0932608215164,1
6.04795335911,0.76625674612,0.239477540083,0.258493094449,0.0800810263065,1
6.78668650283,0.753808284988,0.245654605476,0.294844006163,0.0862986545998,1
6.18892592739,0.683515878734,0.242437449839,0.340426484226,0.105341502719,1
4.8659716813,0.683601607322,0.264987572279,0.445025602052,0.154550123609,1
4.11557131078,1.04631742332,0.410069929477,0.774582655415,0.290420161405,1
5.27519798787,2.05028281731,0.76442688933,1.53176358477,0.571966070898,1
7.56075702707,2.89025312495,1.12221621035,2.44631551728,0.900519589981,1
7.04210707316,2.63034307152,1.06129005799,2.71067634834,1.02631193739,1
5.31571828972,2.25097093937,1.02870117749,2.80651119427,1.20281132904,1
4.4867982825,2.75420863379,1.64231854615,3.84315728568,2.00963176913,1
4.74846019368,4.12437780888,3.75532225007,6.87848033428,4.28176024631,1
4.02112589928,3.51618204849,5.31941531071,8.38566632173,5.66341890763,1
3.33851246,2.37123013657,5.26618029189,8.08846363643,5.55999076062,1
3.50247733238,2.70812158198,6.0110629546,9.49307815482,6.26403426328,1
3.21651797401,3.67421192844,6.48756980623,10.4201525184,6.1357310322,1
2.44221340094,4.10761276937,6.43471921132,10.1184146784,4.86012185874,1
2.08371307278,4.29437144739,6.82135741346,10.2571370603,4.02926623291,1
2.23723434389,4.93528500569,7.49985299571,11.0267437281,3.91229074398,1
2.64828053512,5.63332871737,6.77478769456,10.4281760576,3.73433391165,1
2.4759422104,4.65490817965,3.80150446701,6.88317572191,2.57407710412,1
2.70228584146,3.99096176264,2.14300861457,5.14782699577,1.95048000886,1
3.82856096285,0.465467929337,1.54183676961,2.25864235632,1.45996257253,1
3.11399370189,0.588940320365,1.56883168965,2.70811541577,1.64454876561,1
2.48031602606,0.897066723257,1.46268963399,3.09945115549,1.93343467676,1
2.60754778546,1.50781131221,1.47696162897,3.56300087791,2.49385851141,1
3.78182441082,2.7189695742,2.33642379868,4.77534836271,3.64571958519,1
3.44865079517,2.74500247372,3.0531609849,4.38434164583,3.30579103934,1
3.16668865329,2.66073381275,4.24606389599,4.59073903677,3.32199779829,1
2.7179369715,2.22927564087,4.85962735561,4.46666864486,3.31956842636,1
2.91682439069,2.09247259488,5.41399587687,4.91412861838,3.99637009604,1
3.22940626104,1.91246485232,4.78137981526,5.42004996817,4.51551317896,1
3.45594153905,1.77747278411,3.65233481258,5.99633323321,4.5208671582,1
4.93651908817,2.21155241472,3.92293754435,8.2421638974,5.58199552629,1
5.44533239876,2.07983685665,3.30199559514,7.69939334261,5.02038256189,1
4.16719103914,1.49668768367,1.96975301282,4.72977365291,3.17120473072,1
3.39081077038,1.51672775408,1.48698802644,3.4562760808,2.40471560242,1
2.86658206804,1.91011114013,1.48224489737,3.23912480699,2.24912730714,1
2.45787606425,2.47582088193,1.65567091299,3.67778224,2.4669558165,1
2.35725382543,3.27831839926,1.819782928,4.82784385394,3.14661705693,1
2.28330645059,3.83199599451,1.59692514672,5.5682043839,3.63130938459,1
2.29163666343,4.114504245,1.4847731878,5.55429930392,3.71136553607,1
3.25788559493,5.87572369592,2.70189384807,7.46936284093,5.07557344022,1
2.94156078586,4.85151181038,3.25364450847,6.33663331554,4.27882795528,1
2.58934297307,3.5814278049,3.30184688854,5.11675222828,3.52307930908,1
2.67586433557,3.12499515802,3.40820086937,4.63257332454,3.45700262939,1
3.39772541555,3.51583295504,4.01988758094,5.08580149917,4.18978316395,1
4.13373236999,3.79552564268,4.51809269933,5.93371143364,4.89657362736,1
4.25250248357,3.24937420364,4.28292041572,6.70709092994,4.94835477272,1
4.42306759921,2.66570135867,4.12351952446,8.04244718012,5.39148923607,1
4.41444126366,2.32237404227,4.34551547569,9.80965488924,6.38398497963,1
3.22442457785,1.78578964608,4.03038046968,9.25599643316,5.85282345438,1
2.58851284813,1.7851100628,4.13266755835,8.85164102598,5.34752071948,1
2.95986645937,2.23698594154,4.33704702107,8.51646457282,5.20906048782,1
3.97314040342,2.53299800716,3.71862926574,6.7107241254,4.79075224871,1
3.47355237572,1.61633470073,1.86374120592,3.17039825878,2.97702320121,1
3.22655392032,1.08650752693,1.16675992325,2.02461130038,2.3199684819,1
2.99802137023,0.807139746382,1.03480398997,1.89909366195,2.12507028583,1
2.87758728861,0.805017236397,1.26525069667,2.35974312319,2.27333929802,1
2.76315422484,1.04753013188,1.64851174054,3.06120167619,2.55490172655,1
3.37826046243,1.64584751435,2.29671750194,4.32151073482,3.34835309184,1
4.91333513608,2.39554681374,3.03455547138,5.97620595566,4.6202990159,1
4.38657023478,1.77516217096,2.27347553968,4.85970663657,3.88459692449,1
3.81924889276,1.43406754842,1.76861742759,4.2157136207,3.45431943459,1
3.37065818201,1.5408844842,1.55383500699,4.15032840002,3.38446764387,1
3.00188615676,1.76992247898,1.51080989897,4.39838553042,3.5128314622,1
2.88631724823,1.96895112417,1.70445639774,5.12090258349,4.02768185778,1
3.09755391928,2.51770403069,2.39219488087,6.78267646781,5.19261362365,1
4.15758586365,5.00418991827,4.60738383434,10.9297350568,7.6182271399,1
4.28239670816,6.71319863975,5.81577427949,10.9534791763,6.65818590823,1
5.04927425759,7.11577320999,6.41224132832,10.1376835946,5.55461180439,1
6.1074101432,6.16717894783,6.2370812747,9.33638146349,5.04833193246,1
5.97802913225,4.07031283075,4.69579243983,7.60510805554,4.32280247647,1
5.83283218783,3.43916063946,3.85580691121,7.0754116978,4.21637992447,1
5.12001545801,3.41863175575,3.39449238806,6.19053027323,3.73845020303,1
5.27626313837,4.04305978733,3.94438351246,6.30253386655,3.82147661008,1
5.52014651614,4.14606129741,4.49728210538,6.58539187467,3.97190302082,1
5.49876218067,3.50539644705,4.47652544623,6.86645730825,3.94474254484,1
5.10061227696,2.46405753319,3.70299002621,6.66512687615,3.47126271644,1
5.16231267759,1.89665329343,3.25748763149,6.76114340099,3.09792523397,1
5.11050890382,1.66124573451,3.15121846076,6.66195696692,2.70579750777,1
3.90238682161,1.31097297662,2.53656073594,5.0163499016,1.95010472173,1
2.94724594673,1.03295644828,1.93767633762,3.54771445821,1.46898006521,1
2.589830153,0.906499070378,1.62492534669,2.75659766244,1.3253157441,1
3.84775737451,2.58796291395,2.98359050645,6.83092427494,6.12304496409,1
2.67789968072,2.60050614985,2.74275367544,6.98179435933,5.93424211457,1
1.85778057235,2.27146396201,2.50944822619,7.10892831502,5.67195573746,1
1.62688051737,1.99899659364,2.5939919255,7.838469014,5.71118835239,1
2.07960527143,2.01720351563,2.7516758345,9.08184984132,5.81416265496,1
3.27522072438,2.07715251931,2.35095690392,9.25918890115,5.05446765391,1
5.26369592328,2.42367713132,1.78681466451,9.2185895222,4.26202292148,1
5.20775373115,2.3268735737,1.0491926078,6.82399653011,2.80431656537,1
4.22987308868,2.10095347018,0.769403182673,4.88115905709,1.99923242898,1
3.88039786764,2.04023970152,0.864417319544,4.0167399726,1.85853180179,1
4.52903282799,2.27305871047,1.20563786635,3.63798971012,2.08786340687,1
5.47737864929,2.23263282035,1.39675485395,2.70117787583,1.99049048903,1
5.15373588125,1.72783072855,1.10525106896,1.57186089511,1.41603627935,1
5.55627957423,1.67213223825,1.103532204,1.36973781157,1.35798537031,1
4.90448704611,1.41145202288,1.12702418014,1.35353787184,1.35036328054,1
4.05862831742,1.16318214444,1.35326803178,1.68932459796,1.57293970997,1
3.53760163159,1.04717954419,1.83620900688,2.62740838681,2.22710649312,1
3.69548472154,1.27747532422,2.56804593869,4.51861462952,3.61478087853,1
4.14449861111,2.38322780826,3.39635393726,7.27074251606,5.68606780807,1
2.60313907623,3.25059194525,3.22197482678,6.95540798422,5.36335197519,1
1.5926845409,4.03352400879,3.99184680625,6.84531622116,5.2561190479,1
1.27314200851,3.92880878141,4.9126926963,6.66879264875,5.31238320315,1
1.41405396792,2.89876102703,5.04435689414,6.13172181092,5.32689803834,1
1.61937700123,1.78413280128,4.36309394755,5.53247797784,5.35193461439,1
1.65728254453,1.1755675546,3.41044516801,5.15852103919,5.3955257034,1
1.4262928293,1.19275906545,2.71505409589,4.9011195871,5.29532249061,1
1.13616016126,1.49139644872,2.5177831314,4.54256718616,4.89930531956,1
1.09503423667,1.77752239145,2.6664517478,4.20927051895,4.53831771587,1
1.4021959334,2.08851212638,2.92033331198,4.14291311638,4.33777928365,1
2.7064895311,3.14725982876,3.51174890102,4.92642311013,4.702701618,1
4.43689060073,3.64353073001,2.91288929439,4.01154708673,3.41984532629,1
4.30407365066,2.48773867646,1.7567502924,1.99919084889,1.61519897918,1
4.33231561728,1.83151625122,1.47268405222,1.24064436055,1.03903647047,1
4.32636088428,1.38643175061,1.40331209831,0.939451535779,0.860136716789,1
4.4379094598,1.18399396474,1.39815337724,0.916035362455,0.911960026932,1
4.88780385094,1.29184931194,1.48773329996,1.22376553731,1.23958523683,1
6.07387217629,2.03640518543,2.032269295,2.34264554879,2.1668683325,1
5.33014551052,2.52471494806,2.75107409212,3.65129468833,2.88537892828,1
4.65958191995,2.83228796035,4.17311115014,5.55847081547,3.93972959513,1
3.09812946981,1.83814910653,3.5241992209,4.95925509995,3.61148886833,1
2.97240628587,1.24928620263,2.83005887307,4.37606470685,3.60051057589,1
3.46168141743,0.97197376335,2.64381600838,4.19558076401,3.88441864411,1
3.7044649874,0.973366208455,2.89945503666,4.30396498366,4.10935317346,1
4.11697414224,1.59298496648,3.92661698724,5.8000342003,5.08601809805,1
3.7645504636,2.60125646134,4.42419579132,7.74300901359,5.72217143758,1
3.39095035105,3.87124438613,4.38519728774,9.94703742569,6.21189649214,1
2.92812465338,3.83161960995,3.55191327464,8.79538602865,5.24124584456,1
2.93444563212,3.27344592294,3.34613808485,6.54887843681,4.42026296759,1
3.35911542452,2.91262988295,3.60123049656,4.89873268133,4.16373790574,1
4.06565597634,2.73674432503,3.88311078093,4.06476886044,4.2772945173,1
4.30375461803,2.33803332795,3.57999525727,3.70979400163,4.21672534674,1
3.38276435272,1.62713889902,2.81706324925,3.46521397822,3.65878536869,1
2.5180197807,1.25718847211,2.7442845251,3.94980328216,3.61364740699,1
2.24762696043,1.35531829973,3.48994420234,5.44982574237,4.33286581871,1
2.70285816161,1.86364891124,4.32829318364,7.37312953547,5.28537107248,1
3.36560429763,2.30955904576,4.20413687251,7.77688236763,5.36153152745,1
4.16721821925,2.85512116242,4.19926161645,7.85565406381,5.65363611716,1
4.2798957175,3.30146385698,4.32296881279,7.37853426112,5.84365847036,1
3.57841106499,3.3298343333,4.30485966178,6.73652440337,5.64389933097,1
2.88628523439,3.03153952709,4.24958199216,6.848149347,5.4869897842,1
2.32603151926,2.26381596911,4.07055629923,6.81273682105,4.9879355241,1
1.54019406129,1.1636309392,3.07457962133,4.84393327977,3.37979136193,1
1.40306531174,0.807887664099,2.86077744422,3.93679157216,2.77679646843,1
8.18331742596,0.350417802717,0.178113534987,0.106517866087,0.0553469033105,1
8.06885394582,0.356002571589,0.130020987886,0.103914065791,0.0583199894909,1
8.06865149357,0.394961020637,0.125961310262,0.146587847342,0.089047556076,1
7.94992939037,0.498546781194,0.241403278537,0.30599716164,0.197142856237,1
7.67809874513,0.859660725609,0.978479482099,0.973426773857,0.679493936703,1
6.66976442103,2.01085671955,4.00314878346,3.25533426608,2.48702736887,1
4.50334675728,3.04157999992,6.87605360174,5.69758899961,4.37735358563,1
4.1199173526,2.80059264466,5.68767659321,6.27771786473,4.20136249586,1
4.92606259348,3.35357970748,5.84027786526,9.98803678773,5.60737795228,1
5.36555609217,4.25346709343,6.32991832347,15.5160450114,8.15181206292,1
3.67738151453,4.30626148919,5.23614714357,14.5545672701,7.957951909,1
1.94800814901,4.08087140628,3.75339565798,9.62736804103,5.4990404424,1
1.30765603762,4.30352506226,3.40328234754,6.95363424462,3.87423358579,1
1.24814526656,4.54781666677,3.6746150033,5.96426004909,3.0781045904,1
1.81201510549,5.39431795369,4.92280545435,6.73971305861,3.42522435445,1
2.80808358282,6.02892931845,6.46267271065,7.73834732978,4.33467564774,1
3.58889746162,5.91915640794,7.55976391642,7.77807830711,5.22095099603,1
2.69461821695,4.06460768295,6.10892612564,5.50522032635,4.34804635169,1
2.21839471518,3.69784694807,6.27574221226,5.63820783531,4.4650089493,1
1.82422983475,3.72337550581,6.46103681448,6.5897884016,4.42647258946,1
1.73910633313,3.61104614343,5.89601104407,6.90555252706,3.90352179212,1
2.46680044275,3.99491868116,6.3270955667,7.78359950862,4.12622292379,1
3.88368269958,4.24441931884,7.59371039071,8.44403114006,4.69005020001,1
3.22374850684,2.3354073727,5.6245411963,5.03284084362,2.99947898606,1
2.29304703042,1.20512585628,4.09513883288,2.97987600082,1.79621176249,1
1.82971834512,0.815032943935,3.49515109239,2.37301646367,1.34516057988,1
1.58912755421,0.683796272452,3.26488280955,2.41725736595,1.26776737157,1
1.46247245335,0.80582447878,3.25776933624,3.16414512399,1.44354968262,1
1.491954171,1.69904321155,3.92070133638,5.43345135508,1.97244000758,1
1.23543529432,3.11881608359,4.06636122349,7.29874486493,2.14444916679,1
1.01156022708,3.96057354317,3.60615396525,7.18536400296,1.96705534248,1
1.13610865266,4.34053317247,3.24749744896,6.40554374961,1.9370674291,1
1.82759432702,5.00848521008,3.59684338539,6.3112094083,2.35525706278,1
2.67043513068,4.96572537073,4.04162172375,6.01989134134,2.62084103088,1
3.96258455448,5.75294038042,5.81494115556,7.90428390059,3.38033662426,1
3.97737268458,5.29323367934,6.71012118334,9.14632091829,3.62834593673,1
3.79313847343,4.82417143778,7.83670060205,11.0509257884,4.46752968836,1
3.34032268431,3.53929736223,7.88801312639,11.3358924856,5.05713751776,1
3.14946143649,2.60332846564,7.03827368407,10.7723394714,5.09659605188,1
3.90784165752,3.31950485256,7.30586067899,13.2013913915,6.06475857785,1
4.70258318181,5.09986602077,7.26141891152,16.5513669407,7.17710446516,1
4.48972234073,6.30413586279,6.12173352446,16.3327613616,6.99953061687,1
3.26138050567,5.11000145236,4.24955941355,10.7319117847,4.8117586174,1
2.7899770668,3.83162387449,3.38752922169,6.95694988379,3.34575326586,1
3.1265418519,3.49233126309,3.39250025253,6.18767273015,3.062146693,1
2.99375035606,3.03924429606,3.09608311175,5.79711492726,2.81842056493,1
2.61386647351,2.80159559537,2.90185804565,5.9114715703,2.78870786474,1
2.63153903033,3.20589309663,3.4161438427,7.43008281641,3.43577960382,1
3.10867234577,3.9893702047,4.39872122142,9.88914876897,4.52493498043,1
4.02993402661,4.92480243942,5.53864056764,12.5832920279,5.74728893476,1
3.01494995983,3.62264778646,4.09079038495,9.16770515054,4.17676544615,1
2.09538620265,2.96691458408,3.30953638041,6.96384395818,3.08536630923,1
1.39212700435,2.93737879822,3.10424103295,6.00805676117,2.47652383231,1
0.868896640328,3.28129604603,3.06516083228,5.71125747732,2.17854715157,1
0.433672912549,2.94774098425,2.30984960496,4.39528486355,1.68318585922,1
0.355654820639,3.118932048,2.18735294132,4.18701658979,1.84124022334,1
0.513386254522,3.6301584407,2.63131561087,4.81686574741,2.61899101005,1
1.26727608764,5.01898859783,4.08995478978,7.31047329089,4.74815617541,1
2.27543146075,4.94842604725,4.42851324702,8.08797319507,5.65909718398,1
2.65905468025,4.09538017288,3.96232653823,6.88733991645,4.68686561242,1
3.09021116401,4.1719876775,4.80603028349,7.01788110952,4.50298345167,1
3.65943174857,4.55153323448,6.55111776808,8.08869038668,5.04702817966,1
2.39198042702,3.09623666383,1.18828812624,3.68626771,1.82697160099,1
3.26758417211,3.0848821976,1.15777357194,3.34691393076,1.48310628368,1
4.34499512765,2.80104536897,1.24228699741,3.09968089512,1.41377329688,1
4.21975204911,2.01213019503,1.25515401972,2.52612500726,1.31337018622,1
4.08275769603,1.61878035125,1.59609641426,2.56113255594,1.56398583264,1
4.00501560992,1.52774874129,2.43307442927,3.25836243924,2.33854564327,1
4.56448582447,1.93269695876,4.54709305315,5.3577796627,4.57827645979,1
3.8898666679,2.04739003553,5.49113033627,5.66802905684,5.73865423084,1
3.45584703256,3.08100440185,5.58082379071,4.51789101064,4.89925312623,1
3.37137762183,4.43817243159,5.48572784981,3.40330766016,3.47799413393,1
3.49467218453,5.19860027384,5.29174139234,2.78362385336,2.48681544464,1
3.78180577915,5.60221356297,5.26136493469,2.65341566785,2.01566760181,1
3.21586352501,4.22395430688,3.99660173501,2.18246270388,1.46315930764,1
2.80453874889,2.88354367162,2.59865730829,1.73262062354,1.20002399922,1
3.83558425998,2.92214549352,1.82058460202,1.49695671259,1.35095827268,1
4.93328643592,3.30040086514,1.36925383482,1.23987744368,1.41377162633,1
5.7029422371,3.52247916587,1.29202461488,1.26702973118,1.45006355792,1
5.19964024769,2.95640353869,1.1932952222,1.38543390382,1.26366076986,1
3.66367350583,1.87387604668,0.945701107198,1.38190838978,0.902695331337,1
2.61489027975,1.02918569094,0.72588032813,1.20999868324,0.599449358359,1
3.10753100253,0.784689793287,0.945735701332,0.94356653079,0.432109058815,1
4.49283298172,0.776960162381,1.3097955624,0.604283943109,0.293008101896,1
5.3852143617,0.72379703517,1.38837844623,0.392592383821,0.201057971163,1
5.85002110283,0.657521216599,1.29381396301,0.302807513166,0.165978227105,1
6.20133864168,0.651404224575,1.12491184281,0.286800825415,0.169685413334,1
6.21363010092,0.762504177674,0.846571038603,0.321937598696,0.198846039549,1
5.5323612255,0.965890319488,0.537665734095,0.395943052937,0.229162092155,1
5.28172932369,1.24948298256,0.466016905396,0.533793934061,0.26544401712,1
4.13740254854,1.10636573859,0.433901939628,0.48798472928,0.208024508524,1
4.3230939769,1.23192339935,0.465806708822,0.410264125549,0.162580899025,1
5.32212598963,1.48682487988,0.460292896304,0.314883968169,0.129396277044,1
6.91502970556,1.79004626596,0.467381863907,0.275766935097,0.124997186899,1
7.35824782517,1.71349083794,0.409282594591,0.253052038327,0.124805914126,1
7.77414857327,1.58645974115,0.381341221277,0.314476137244,0.16154588996,1
7.92942792498,1.40123644062,0.400695237582,0.547388328882,0.291330343583,1
8.04527340944,1.55082457592,0.649057227591,1.46815397737,0.856770180093,1
7.55640861896,3.827843212,1.83461543521,4.98165163299,3.18043701725,1
4.27961939582,5.72465177987,2.70796652049,7.90783494088,5.01038061316,1
3.4591360932,5.45182724827,3.01831713038,9.54637461357,5.55555838561,1
4.0632948001,5.03460004219,3.71386218889,12.4417456208,6.66214761022,1
5.11321031198,4.53687423148,4.12122414506,13.9057163856,6.94297931624,1
5.53965123647,3.8699113601,3.81853297012,12.2194993279,5.61447391525,1
5.95387814006,3.79930649344,4.2643714091,11.5703867785,4.98535930552,1
4.71942177009,3.31733547509,4.42870775261,9.35646945597,4.28113098174,1
3.49396901554,2.98181984761,4.1811211083,6.82852330231,3.72827253228,1
3.79062733752,2.95131808204,3.1144784774,4.20744766434,2.7394972969,1
6.22161195642,3.30848240428,2.0918037107,2.55854729504,1.82197049715,1
7.04190519634,2.85736252484,1.12618427679,1.36826392563,0.978693560204,1
6.62328627924,2.24747305531,0.650298270801,0.853370740304,0.589363408085,1
6.01548986202,1.8136852472,0.472490817761,0.728609383671,0.483047191232,1
5.34931935068,1.56980520381,0.461413047677,0.907832026643,0.566665197822,1
4.49238291353,1.59417670858,0.607315139259,1.58820527637,0.899974506606,1
3.83750064245,2.30626671467,0.988400123637,3.42835481907,1.73357946459,1
4.03546522413,3.52632940531,1.48650736039,6.58387468991,3.0195372886,1
4.82604310332,4.151494085,1.94386336955,9.90035850293,4.46071152758,1
4.61222194342,3.08641841895,2.0114214505,9.19080748644,4.68793892235,1
4.53388391576,2.37420651076,2.07401225497,7.19017599284,4.8505443031,1
4.5464960893,2.33465440115,2.079008181,5.51216446715,5.05651860419,1
4.62934485138,2.8138714019,2.08712164729,5.00537157711,5.55291247536,1
4.29623704613,3.43299410006,2.0486285638,5.24194389584,5.94100821516,1
3.37736772469,3.75445662949,2.08468645949,5.52329435633,5.76992956432,1
2.65080798291,3.72635881471,2.47410949471,5.81446359886,5.43747423989,1
2.78790674265,2.06720104157,4.54966406615,9.32275293517,5.28730723251,1
2.27207339692,2.74147041477,4.81006894555,8.79930807529,5.74140438075,1
1.81323380105,3.33067321565,4.47427510057,7.79385372199,5.98449189153,1
1.57517456467,3.64654883343,3.85044700846,6.74502145993,5.9644286367,1
1.50530072981,3.57031524493,3.12144371835,5.5679263977,5.65635313159,1
1.58413751231,3.2921606537,2.51531830001,4.63291630076,5.38991680662,1
1.68175017635,2.87182077164,2.0938792212,4.14708601291,5.17510695573,1
1.72330355467,2.44873098628,1.8988067094,4.015000234,4.96542027309,1
1.80533125378,2.31015798003,2.08900735386,4.17840613811,4.85057748783,1
2.02782897693,2.61458907051,2.67640645979,4.70693588905,4.93020808279,1
2.3542760158,3.24658753034,3.51341046977,5.78741638826,5.21093755498,1
2.5075332225,3.99604417119,4.2308693829,7.4380016717,5.65015226153,1
1.94916083248,3.8967902773,3.8441930123,7.77753004219,5.21376886514,1
1.40012931347,3.65292413505,3.37049598832,7.76084596648,4.98829772157,1
1.03232224886,3.18237583307,2.95498180345,7.35178699541,4.86800258702,1
0.884405858288,2.33859795168,2.51739514559,6.44610811962,4.54333760064,1
1.11187538143,1.77751078028,2.59168538481,6.43251839331,4.83168208318,1
1.52745106057,1.58802745491,2.867886679,6.39257157098,4.92692829113,1
1.94246857879,2.31157714717,3.39543065329,6.71394076323,4.98600575498,1
2.05620071193,3.54412814014,3.81544935191,7.18919432442,4.80518841466,1
1.71824604862,3.83364375888,3.42393378795,6.25841806285,3.81657249529,1
1.67811244995,3.88389638274,3.14818164966,5.0216709549,3.11368300229,1
2.19270637457,4.74136859911,3.40367710447,4.50206214728,3.12859946158,1
2.68795738474,5.26048668136,3.35071972669,3.9602791007,3.07552170602,1
2.81313269984,4.78706382585,2.96783495034,3.77112384903,2.86182136122,1
2.7853719926,3.69924023627,2.69690469341,4.24687688584,2.76849118612,1
3.15192969289,2.7098906294,2.99171785155,5.69317220843,3.2495453071,1
3.97078089193,1.93877653368,3.63054782183,7.61070430087,4.34373040272,1
3.68814936013,1.40112172464,3.31769795498,7.0005457829,4.55098211761,1
2.90298026856,1.27722591136,3.27529282633,5.89086256205,4.53786818169,1
1.95861652836,1.25411206551,3.74155377573,5.01665207987,4.41490056807,1
1.36378460005,1.23552194303,4.31737744448,4.42311762272,4.20350003359,1
1.30517491067,1.27753066041,4.68873100234,4.27644489147,4.13652791734,1
1.5102863801,1.38212608986,4.69638794714,4.47598492965,4.16058790118,1
1.81982777517,1.67432357426,4.36471357673,4.83736108802,4.12039028549,1
2.38298428165,2.41552771799,3.98768673151,5.04345013512,3.90602519155,1
2.55626700334,2.87627766682,3.23231642884,4.15111999608,3.09922830462,1
2.8243909995,3.52793318826,3.20313884888,3.77491109085,3.02930967248,1
2.77532475155,3.85213595624,3.22938765442,3.30381005446,3.19226474334,1
2.31627585406,3.47320675544,2.93748366569,2.60970305321,3.22503650946,1
2.35118549464,3.49906623365,3.2491614612,2.73675495743,4.01192052157,1
2.03861819834,2.79198408123,2.90058400881,2.80194435147,3.988299053,1
1.98875878064,2.80758407972,2.64380670745,3.61073385435,4.15651698038,1
2.12570047938,3.68450045062,2.40441794048,4.89003502346,4.48572830342,1
2.08202046584,4.28978139496,2.0876683651,5.37178062737,4.29073043054,1
2.18060267422,4.62342158175,2.40151775232,5.95091024542,4.62158699021,1
2.40331518872,4.85848314188,3.55783433687,7.14305148026,5.81137551243,1
2.04776312018,4.03692038935,4.27356943988,6.64234257824,5.91339558978,1
1.75805691344,3.63061130196,4.34213418117,5.57974779721,5.54044491251,1
1.58887786284,3.57290886021,3.70640553393,4.44634726836,4.91525799675,1
1.36949290047,3.25127075143,2.97894204072,3.51375987151,4.22577706048,1
1.12140651733,2.7847019979,2.88540901315,3.16903915408,3.79094379356,1
0.901691389167,2.33408054417,3.2416625402,3.30894141194,3.57037962737,1
0.797222014089,2.07694498493,3.41326495008,3.75595462915,3.5505177344,1
0.746769310878,2.00437772001,3.00899895682,4.07092896367,3.5303691027,1
0.738780578998,2.00940916152,2.3460503167,4.22848862399,3.45487897156,1
0.796129976788,2.101415392,2.01513179193,4.40834952047,3.48673358371,1
0.967427730388,2.10874390582,2.15194512823,4.49462320652,3.69688618768,1
1.23086766886,1.93159419876,2.46159857528,4.49750672314,4.12825582477,1
1.35842805099,1.55761143246,2.36923945692,4.4377783853,4.36244215753,1
1.30022854172,1.36264904526,2.10946048122,4.85744493959,4.48486362644,1
1.09773384603,1.48153165717,1.95492674708,5.69980768179,4.53897772805,1
0.963776559542,1.9055120694,2.0901326598,6.86981940761,4.75865613987,1
3.63061198259,3.57631987702,1.74613171282,0.952974846704,0.321701900561,1
4.51443336962,3.34499953994,1.5093791951,0.491936959959,0.1873008133,1
5.01924135621,2.81465149959,1.3884390246,0.352487888506,0.129073504703,1
5.01123389037,2.2345055878,1.65488505915,0.413285526085,0.11492212366,1
4.76793345884,1.90295877266,2.44266534288,0.630814858897,0.127502394208,1
4.80236895551,2.02132563667,3.90770463235,1.03040645776,0.172812132475,1
5.17825442414,2.63889382798,5.93135702586,1.62571895404,0.26853980036,1
5.41347876769,3.33769240352,7.08113983826,2.15419221017,0.41809299102,1
5.69993327925,3.9059862253,6.71980085696,2.58947745033,0.682996215622,1
6.64111300978,4.46262500655,5.3332556878,3.23596350409,1.19641657029,1
5.01397660372,3.04317533519,1.73208938161,1.78583566969,0.791345844212,1
4.68071860455,2.0074843052,0.490257471834,0.669659144248,0.2764801778,1
5.23720535847,1.57276766154,0.368517423669,0.434099262529,0.142276348131,1
5.72187948195,1.28664929805,0.406063888109,0.397915302459,0.110388643421,1
6.31495264983,1.09129892947,0.535098195669,0.453183935865,0.115704102791,1
6.85543490099,0.921081329192,0.806711863804,0.613197160961,0.152605580524,1
7.5653814842,0.824620104039,1.53207837425,1.05221299811,0.272843370541,1
6.47726369206,0.858989652044,2.9175805129,1.81671944667,0.532125087633,1
4.00472593441,1.22372563239,3.9269859922,2.30814294802,0.845619000679,1
3.23930890147,2.69068780684,3.89197506598,2.58718659754,1.24567411879,1
3.90017571779,4.64438681827,2.85900975062,2.14664204202,1.23278397879,1
4.63660670578,5.72988664454,2.3067040715,1.27843207596,0.753007575464,1
5.75888347374,6.44477733047,2.48102390891,0.92334279665,0.526794658683,1
6.71494540734,6.83101691899,2.64964060936,0.871620401696,0.493758066795,1
7.21639364863,6.67524694542,2.60557381949,1.0533650879,0.614472689177,1
6.22634630756,4.97912914042,2.05734903074,1.35969141652,0.821266979322,1
4.9604690808,2.93106897371,1.60183980575,2.01210368523,1.23255881714,1
3.75273973031,1.18590089344,1.39948709233,2.64023167598,1.56976476203,1
3.20484367414,0.506148471891,1.16382831834,2.54237554863,1.38316454266,1
3.71828364586,0.419897134903,0.960358899006,2.61296013354,1.25884798974,1
5.86110469624,1.7115736532,1.74673603598,2.61040733495,1.0835695575,1
5.04411084497,1.64241042712,1.48193479153,1.9923647887,0.880267012024,1
3.81440429058,1.30853327556,1.16167352742,1.42864104921,0.627879634794,1
3.15532119139,1.10060911548,0.99420417989,1.12897765057,0.479083416583,1
3.23495537117,1.10982637755,1.01698356741,1.06672818159,0.448988737661,1
4.15514119115,1.42545382856,1.31545049249,1.29135479327,0.556512428995,1
5.27256670815,1.8941105679,1.81618781746,1.74314411345,0.750094239174,1
4.47704649693,1.68537908249,1.77562579682,1.75773028815,0.720911220769,1
4.1833701007,1.62493791234,1.77587625698,1.91527655684,0.751685218662,1
4.47018766629,1.91923184768,1.61546431811,2.02963511693,0.777050769191,1
4.90538936938,2.53409625072,1.32012223092,2.036240623,0.755708295009,1
5.88567115779,3.5396014986,1.31003418709,2.44152684109,0.888537912727,1
4.72692257699,2.94136534284,1.04438338481,2.11508056679,0.809770670756,1
3.48224541475,1.96714626108,0.836662209317,1.73811452185,0.744361570261,1
